recorded_at,lat,lng,x,y,z,speed_kmh
2026-10-08T09:30:00.000Z,26.787000,75.830000,-0.036,-0.043,9.777,32.0
2026-10-08T09:30:00.050Z,26.787003,75.830003,0.175,-0.032,9.361,32.0
2026-10-08T09:30:00.100Z,26.787005,75.830007,0.083,-0.067,9.745,32.1
2026-10-08T09:30:00.150Z,26.787008,75.830010,0.029,0.058,10.159,32.1
2026-10-08T09:30:00.200Z,26.787011,75.830013,0.164,0.028,9.589,32.2
2026-10-08T09:30:00.250Z,26.787013,75.830017,-0.254,0.062,10.203,32.2
2026-10-08T09:30:00.300Z,26.787016,75.830020,0.010,-0.027,9.970,32.3
2026-10-08T09:30:00.350Z,26.787019,75.830023,-0.363,-0.078,9.957,32.3
2026-10-08T09:30:00.400Z,26.787021,75.830027,0.218,-0.060,9.923,32.4
2026-10-08T09:30:00.450Z,26.787024,75.830030,0.062,0.196,9.476,32.4
2026-10-08T09:30:00.500Z,26.787027,75.830033,0.142,-0.379,9.024,32.4
2026-10-08T09:30:00.550Z,26.787029,75.830037,-0.152,-0.229,10.073,32.5
2026-10-08T09:30:00.600Z,26.787032,75.830040,0.166,-0.305,10.064,32.5
2026-10-08T09:30:00.650Z,26.787035,75.830043,-0.251,-0.022,9.722,32.6
2026-10-08T09:30:00.700Z,26.787037,75.830047,0.029,0.205,10.002,32.6
2026-10-08T09:30:00.750Z,26.787040,75.830050,0.087,0.162,9.954,32.7
2026-10-08T09:30:00.800Z,26.787043,75.830053,-0.157,-0.179,9.669,32.7
2026-10-08T09:30:00.850Z,26.787045,75.830057,0.125,-0.063,10.511,32.8
2026-10-08T09:30:00.900Z,26.787048,75.830060,-0.205,-0.275,10.041,32.8
2026-10-08T09:30:00.950Z,26.787051,75.830063,0.355,0.126,10.061,32.8
2026-10-08T09:30:01.000Z,26.787053,75.830067,0.357,-0.024,9.383,32.9
2026-10-08T09:30:01.050Z,26.787056,75.830070,-0.133,0.238,9.377,32.9
2026-10-08T09:30:01.100Z,26.787059,75.830073,0.008,0.063,9.715,33.0
2026-10-08T09:30:01.150Z,26.787061,75.830077,0.181,0.145,10.506,33.0
2026-10-08T09:30:01.200Z,26.787064,75.830080,0.155,-0.152,9.641,33.1
2026-10-08T09:30:01.250Z,26.787067,75.830083,-0.208,0.238,9.640,33.1
2026-10-08T09:30:01.300Z,26.787069,75.830087,-0.018,0.187,9.593,33.2
2026-10-08T09:30:01.350Z,26.787072,75.830090,-0.073,-0.460,9.485,33.2
2026-10-08T09:30:01.400Z,26.787075,75.830093,-0.142,0.104,10.168,33.2
2026-10-08T09:30:01.450Z,26.787077,75.830097,-0.005,0.065,9.860,33.3
2026-10-08T09:30:01.500Z,26.787080,75.830100,0.271,0.223,9.892,33.3
2026-10-08T09:30:01.550Z,26.787083,75.830103,-0.253,0.226,9.924,33.4
2026-10-08T09:30:01.600Z,26.787085,75.830107,0.307,-0.007,10.396,33.4
2026-10-08T09:30:01.650Z,26.787088,75.830110,-0.090,0.398,9.845,33.5
2026-10-08T09:30:01.700Z,26.787091,75.830113,-0.129,-0.282,9.765,33.5
2026-10-08T09:30:01.750Z,26.787093,75.830117,0.356,0.204,10.017,33.5
2026-10-08T09:30:01.800Z,26.787096,75.830120,-0.594,0.178,9.977,33.6
2026-10-08T09:30:01.850Z,26.787099,75.830123,-0.137,-0.157,9.809,33.6
2026-10-08T09:30:01.900Z,26.787101,75.830127,0.431,-0.264,9.682,33.7
2026-10-08T09:30:01.950Z,26.787104,75.830130,0.340,-0.112,9.701,33.7
2026-10-08T09:30:02.000Z,26.787107,75.830133,0.024,-0.310,9.876,33.8
2026-10-08T09:30:02.050Z,26.787109,75.830137,-0.302,0.221,9.811,33.8
2026-10-08T09:30:02.100Z,26.787112,75.830140,0.571,0.070,10.220,33.8
2026-10-08T09:30:02.150Z,26.787115,75.830143,-0.326,-0.031,9.907,33.9
2026-10-08T09:30:02.200Z,26.787117,75.830147,0.436,-0.420,10.107,33.9
2026-10-08T09:30:02.250Z,26.787120,75.830150,0.148,0.383,10.024,34.0
2026-10-08T09:30:02.300Z,26.787123,75.830153,0.013,-0.130,9.436,34.0
2026-10-08T09:30:02.350Z,26.787125,75.830157,0.049,-0.048,10.416,34.1
2026-10-08T09:30:02.400Z,26.787128,75.830160,-0.153,0.080,9.339,34.1
2026-10-08T09:30:02.450Z,26.787131,75.830163,-0.099,0.065,10.057,34.2
2026-10-08T09:30:02.500Z,26.787133,75.830167,0.362,-0.011,9.475,34.2
2026-10-08T09:30:02.550Z,26.787136,75.830170,0.114,0.129,9.957,34.2
2026-10-08T09:30:02.600Z,26.787139,75.830173,-0.175,0.283,9.836,34.3
2026-10-08T09:30:02.650Z,26.787141,75.830177,0.175,0.319,9.993,34.3
2026-10-08T09:30:02.700Z,26.787144,75.830180,0.072,0.538,9.883,34.4
2026-10-08T09:30:02.750Z,26.787147,75.830183,-0.074,0.028,10.255,34.4
2026-10-08T09:30:02.800Z,26.787149,75.830187,0.030,0.130,10.169,34.4
2026-10-08T09:30:02.850Z,26.787152,75.830190,-0.128,-0.432,9.900,34.5
2026-10-08T09:30:02.900Z,26.787155,75.830193,0.057,-0.152,10.071,34.5
2026-10-08T09:30:02.950Z,26.787157,75.830197,0.152,-0.249,9.965,34.6
2026-10-08T09:30:03.000Z,26.787160,75.830200,-0.049,-0.371,9.946,34.6
2026-10-08T09:30:03.050Z,26.787163,75.830203,-0.011,-0.186,9.967,34.7
2026-10-08T09:30:03.100Z,26.787165,75.830207,0.122,-0.144,9.930,34.7
2026-10-08T09:30:03.150Z,26.787168,75.830210,0.254,-0.178,9.924,34.7
2026-10-08T09:30:03.200Z,26.787171,75.830213,0.001,0.567,9.251,34.8
2026-10-08T09:30:03.250Z,26.787173,75.830217,0.174,-0.077,9.780,34.8
2026-10-08T09:30:03.300Z,26.787176,75.830220,0.475,-0.002,10.482,34.9
2026-10-08T09:30:03.350Z,26.787179,75.830223,-0.111,0.088,9.663,34.9
2026-10-08T09:30:03.400Z,26.787181,75.830227,-0.173,0.016,9.725,35.0
2026-10-08T09:30:03.450Z,26.787184,75.830230,0.051,-0.526,10.411,35.0
2026-10-08T09:30:03.500Z,26.787187,75.830233,-0.042,0.436,9.508,35.0
2026-10-08T09:30:03.550Z,26.787189,75.830237,0.073,0.791,9.549,35.1
2026-10-08T09:30:03.600Z,26.787192,75.830240,-0.374,-0.137,9.952,35.1
2026-10-08T09:30:03.650Z,26.787195,75.830243,0.173,0.323,9.733,35.2
2026-10-08T09:30:03.700Z,26.787197,75.830247,-0.401,-0.109,10.182,35.2
2026-10-08T09:30:03.750Z,26.787200,75.830250,0.116,-0.489,9.799,35.2
2026-10-08T09:30:03.800Z,26.787203,75.830253,0.350,0.532,9.979,35.3
2026-10-08T09:30:03.850Z,26.787205,75.830257,0.077,-0.310,9.557,35.3
2026-10-08T09:30:03.900Z,26.787208,75.830260,0.012,0.126,9.984,35.4
2026-10-08T09:30:03.950Z,26.787211,75.830263,-0.120,-0.288,9.577,35.4
2026-10-08T09:30:04.000Z,26.787213,75.830267,-0.289,0.161,9.116,35.4
2026-10-08T09:30:04.050Z,26.787216,75.830270,-0.083,0.112,10.267,35.5
2026-10-08T09:30:04.100Z,26.787219,75.830273,0.018,0.250,9.690,35.5
2026-10-08T09:30:04.150Z,26.787221,75.830277,-0.186,-0.169,10.268,35.6
2026-10-08T09:30:04.200Z,26.787224,75.830280,0.249,0.122,10.809,35.6
2026-10-08T09:30:04.250Z,26.787227,75.830283,-0.008,0.155,9.902,35.6
2026-10-08T09:30:04.300Z,26.787229,75.830287,-0.055,0.579,10.262,35.7
2026-10-08T09:30:04.350Z,26.787232,75.830290,-0.350,-0.100,9.939,35.7
2026-10-08T09:30:04.400Z,26.787235,75.830293,0.196,-0.337,9.133,35.8
2026-10-08T09:30:04.450Z,26.787237,75.830297,-0.477,-0.018,9.779,35.8
2026-10-08T09:30:04.500Z,26.787240,75.830300,0.086,-0.192,9.443,35.8
2026-10-08T09:30:04.550Z,26.787243,75.830303,-0.506,0.082,9.921,35.9
2026-10-08T09:30:04.600Z,26.787245,75.830307,0.248,0.198,9.753,35.9
2026-10-08T09:30:04.650Z,26.787248,75.830310,0.337,-0.034,9.612,36.0
2026-10-08T09:30:04.700Z,26.787251,75.830313,-0.130,-0.146,9.160,36.0
2026-10-08T09:30:04.750Z,26.787253,75.830317,0.039,0.062,9.701,36.0
2026-10-08T09:30:04.800Z,26.787256,75.830320,-0.178,0.093,10.325,36.1
2026-10-08T09:30:04.850Z,26.787259,75.830323,0.010,-0.127,9.633,36.1
2026-10-08T09:30:04.900Z,26.787261,75.830327,-0.017,-0.316,9.772,36.1
2026-10-08T09:30:04.950Z,26.787264,75.830330,0.015,0.461,10.093,36.2
2026-10-08T09:30:05.000Z,26.787267,75.830333,0.259,-0.178,10.011,36.2
2026-10-08T09:30:05.050Z,26.787269,75.830337,-0.285,0.078,9.936,36.3
2026-10-08T09:30:05.100Z,26.787272,75.830340,-0.192,0.500,9.980,36.3
2026-10-08T09:30:05.150Z,26.787275,75.830343,-0.476,0.138,9.688,36.3
2026-10-08T09:30:05.200Z,26.787277,75.830347,0.000,0.116,9.927,36.4
2026-10-08T09:30:05.250Z,26.787280,75.830350,-0.510,-0.290,10.042,36.4
2026-10-08T09:30:05.300Z,26.787283,75.830353,0.325,0.476,10.351,36.4
2026-10-08T09:30:05.350Z,26.787285,75.830357,-0.514,0.192,9.235,36.5
2026-10-08T09:30:05.400Z,26.787288,75.830360,0.403,0.063,9.468,36.5
2026-10-08T09:30:05.450Z,26.787291,75.830363,0.502,0.161,9.243,36.6
2026-10-08T09:30:05.500Z,26.787293,75.830367,0.073,-0.183,9.843,36.6
2026-10-08T09:30:05.550Z,26.787296,75.830370,-0.116,0.343,9.383,36.6
2026-10-08T09:30:05.600Z,26.787299,75.830373,0.079,0.454,9.562,36.7
2026-10-08T09:30:05.650Z,26.787301,75.830377,0.053,0.051,9.603,36.7
2026-10-08T09:30:05.700Z,26.787304,75.830380,0.162,0.024,9.527,36.7
2026-10-08T09:30:05.750Z,26.787307,75.830383,0.441,0.198,9.760,36.8
2026-10-08T09:30:05.800Z,26.787309,75.830387,-0.159,-0.196,10.179,36.8
2026-10-08T09:30:05.850Z,26.787312,75.830390,-0.037,0.115,9.755,36.8
2026-10-08T09:30:05.900Z,26.787315,75.830393,0.154,-0.029,10.039,36.9
2026-10-08T09:30:05.950Z,26.787317,75.830397,-0.046,0.207,10.012,36.9
2026-10-08T09:30:06.000Z,26.787320,75.830400,-0.029,-0.215,9.528,36.9
2026-10-08T09:30:06.050Z,26.787323,75.830403,-0.185,-0.246,10.070,37.0
2026-10-08T09:30:06.100Z,26.787325,75.830407,-0.012,0.393,10.494,37.0
2026-10-08T09:30:06.150Z,26.787328,75.830410,0.006,-0.387,9.696,37.1
2026-10-08T09:30:06.200Z,26.787331,75.830413,-0.019,-0.372,9.735,37.1
2026-10-08T09:30:06.250Z,26.787333,75.830417,0.072,-0.115,9.579,37.1
2026-10-08T09:30:06.300Z,26.787336,75.830420,-0.190,0.447,9.762,37.2
2026-10-08T09:30:06.350Z,26.787339,75.830423,-0.207,-0.093,10.096,37.2
2026-10-08T09:30:06.400Z,26.787341,75.830427,-0.171,0.120,10.028,37.2
2026-10-08T09:30:06.450Z,26.787344,75.830430,0.187,0.350,9.645,37.3
2026-10-08T09:30:06.500Z,26.787347,75.830433,0.283,-0.198,9.691,37.3
2026-10-08T09:30:06.550Z,26.787349,75.830437,0.299,0.206,9.811,37.3
2026-10-08T09:30:06.600Z,26.787352,75.830440,-0.298,0.140,9.621,37.4
2026-10-08T09:30:06.650Z,26.787355,75.830443,-0.231,-0.162,9.884,37.4
2026-10-08T09:30:06.700Z,26.787357,75.830447,-0.530,0.090,9.862,37.4
2026-10-08T09:30:06.750Z,26.787360,75.830450,-0.146,0.259,9.993,37.5
2026-10-08T09:30:06.800Z,26.787363,75.830453,-0.152,-0.168,10.019,37.5
2026-10-08T09:30:06.850Z,26.787365,75.830457,-0.379,-0.083,9.621,37.5
2026-10-08T09:30:06.900Z,26.787368,75.830460,0.017,0.053,9.821,37.5
2026-10-08T09:30:06.950Z,26.787371,75.830463,0.284,0.057,9.716,37.6
2026-10-08T09:30:07.000Z,26.787373,75.830467,-0.303,0.180,9.968,37.6
2026-10-08T09:30:07.050Z,26.787376,75.830470,0.363,-0.187,9.818,37.6
2026-10-08T09:30:07.100Z,26.787379,75.830473,-0.015,-0.022,9.813,37.7
2026-10-08T09:30:07.150Z,26.787381,75.830477,-0.429,0.206,10.006,37.7
2026-10-08T09:30:07.200Z,26.787384,75.830480,0.283,0.562,9.714,37.7
2026-10-08T09:30:07.250Z,26.787387,75.830483,-0.009,0.002,10.393,37.8
2026-10-08T09:30:07.300Z,26.787389,75.830487,-0.433,0.121,9.369,37.8
2026-10-08T09:30:07.350Z,26.787392,75.830490,-0.645,-0.505,9.395,37.8
2026-10-08T09:30:07.400Z,26.787395,75.830493,0.267,-0.217,9.742,37.9
2026-10-08T09:30:07.450Z,26.787397,75.830497,-0.291,0.153,9.479,37.9
2026-10-08T09:30:07.500Z,26.787400,75.830500,0.329,-0.248,9.581,37.9
2026-10-08T09:30:07.550Z,26.787403,75.830503,0.031,0.006,10.237,38.0
2026-10-08T09:30:07.600Z,26.787405,75.830507,0.030,-0.302,9.642,38.0
2026-10-08T09:30:07.650Z,26.787408,75.830510,-0.143,0.181,9.925,38.0
2026-10-08T09:30:07.700Z,26.787411,75.830513,-0.030,0.217,9.651,38.0
2026-10-08T09:30:07.750Z,26.787413,75.830517,-0.034,0.045,10.268,38.1
2026-10-08T09:30:07.800Z,26.787416,75.830520,-0.025,-0.088,9.496,38.1
2026-10-08T09:30:07.850Z,26.787419,75.830523,0.172,-0.147,9.913,38.1
2026-10-08T09:30:07.900Z,26.787421,75.830527,-0.475,0.261,9.410,38.2
2026-10-08T09:30:07.950Z,26.787424,75.830530,-0.194,0.265,9.410,38.2
2026-10-08T09:30:08.000Z,26.787427,75.830533,-0.020,0.019,9.510,38.2
2026-10-08T09:30:08.050Z,26.787429,75.830537,0.336,0.375,9.219,38.2
2026-10-08T09:30:08.100Z,26.787432,75.830540,-0.362,0.202,9.419,38.3
2026-10-08T09:30:08.150Z,26.787435,75.830543,-0.097,0.032,10.018,38.3
2026-10-08T09:30:08.200Z,26.787437,75.830547,-0.056,0.024,9.577,38.3
2026-10-08T09:30:08.250Z,26.787440,75.830550,0.323,-0.124,9.912,38.3
2026-10-08T09:30:08.300Z,26.787443,75.830553,-0.128,0.027,9.760,38.4
2026-10-08T09:30:08.350Z,26.787445,75.830557,-0.041,-0.253,10.049,38.4
2026-10-08T09:30:08.400Z,26.787448,75.830560,0.354,0.061,10.030,38.4
2026-10-08T09:30:08.450Z,26.787451,75.830563,0.210,0.232,9.901,38.5
2026-10-08T09:30:08.500Z,26.787453,75.830567,0.053,0.216,9.831,38.5
2026-10-08T09:30:08.550Z,26.787456,75.830570,-0.243,0.006,9.243,38.5
2026-10-08T09:30:08.600Z,26.787459,75.830573,-0.001,0.103,10.181,38.5
2026-10-08T09:30:08.650Z,26.787461,75.830577,0.038,0.232,9.810,38.6
2026-10-08T09:30:08.700Z,26.787464,75.830580,-0.256,-0.353,9.519,38.6
2026-10-08T09:30:08.750Z,26.787467,75.830583,-0.342,0.158,9.748,38.6
2026-10-08T09:30:08.800Z,26.787469,75.830587,0.143,0.018,10.123,38.6
2026-10-08T09:30:08.850Z,26.787472,75.830590,0.265,-0.161,9.728,38.7
2026-10-08T09:30:08.900Z,26.787475,75.830593,-0.133,-0.405,10.013,38.7
2026-10-08T09:30:08.950Z,26.787477,75.830597,0.297,-0.002,9.662,38.7
2026-10-08T09:30:09.000Z,26.787480,75.830600,0.273,-0.586,9.863,38.7
2026-10-08T09:30:09.050Z,26.787483,75.830603,0.036,-0.143,10.227,38.8
2026-10-08T09:30:09.100Z,26.787485,75.830607,0.243,-0.065,9.784,38.8
2026-10-08T09:30:09.150Z,26.787488,75.830610,-0.097,-0.128,9.418,38.8
2026-10-08T09:30:09.200Z,26.787491,75.830613,0.345,0.257,10.049,38.8
2026-10-08T09:30:09.250Z,26.787493,75.830617,-0.274,0.520,10.404,38.8
2026-10-08T09:30:09.300Z,26.787496,75.830620,0.047,-0.226,9.550,38.9
2026-10-08T09:30:09.350Z,26.787499,75.830623,0.105,-0.228,9.800,38.9
2026-10-08T09:30:09.400Z,26.787501,75.830627,0.272,-0.377,10.412,38.9
2026-10-08T09:30:09.450Z,26.787504,75.830630,0.392,-0.309,9.386,38.9
2026-10-08T09:30:09.500Z,26.787507,75.830633,-0.071,-0.258,9.731,39.0
2026-10-08T09:30:09.550Z,26.787509,75.830637,-0.645,-0.057,10.351,39.0
2026-10-08T09:30:09.600Z,26.787512,75.830640,-0.279,-0.068,9.363,39.0
2026-10-08T09:30:09.650Z,26.787515,75.830643,0.160,-0.056,10.392,39.0
2026-10-08T09:30:09.700Z,26.787517,75.830647,0.052,-0.093,9.975,39.0
2026-10-08T09:30:09.750Z,26.787520,75.830650,-0.127,-0.335,9.901,39.1
2026-10-08T09:30:09.800Z,26.787523,75.830653,-0.044,0.042,9.923,39.1
2026-10-08T09:30:09.850Z,26.787525,75.830657,-0.128,0.105,10.331,39.1
2026-10-08T09:30:09.900Z,26.787528,75.830660,-0.277,0.434,9.737,39.1
2026-10-08T09:30:09.950Z,26.787531,75.830663,-0.192,0.607,9.857,39.1
2026-10-08T09:30:10.000Z,26.787533,75.830667,0.343,0.204,9.306,39.2
2026-10-08T09:30:10.050Z,26.787536,75.830670,0.030,-0.131,9.407,39.2
2026-10-08T09:30:10.100Z,26.787539,75.830673,-0.443,0.026,9.987,39.2
2026-10-08T09:30:10.150Z,26.787541,75.830677,0.098,-0.076,9.570,39.2
2026-10-08T09:30:10.200Z,26.787544,75.830680,-0.247,-0.139,9.500,39.2
2026-10-08T09:30:10.250Z,26.787547,75.830683,-0.051,-0.006,9.541,39.3
2026-10-08T09:30:10.300Z,26.787549,75.830687,-0.058,-0.190,9.809,39.3
2026-10-08T09:30:10.350Z,26.787552,75.830690,0.127,0.045,9.952,39.3
2026-10-08T09:30:10.400Z,26.787555,75.830693,-0.413,-0.095,9.893,39.3
2026-10-08T09:30:10.450Z,26.787557,75.830697,0.160,-0.400,9.858,39.3
2026-10-08T09:30:10.500Z,26.787560,75.830700,0.302,-0.045,9.782,39.4
2026-10-08T09:30:10.550Z,26.787563,75.830703,0.113,0.062,10.012,39.4
2026-10-08T09:30:10.600Z,26.787565,75.830707,0.018,0.038,9.575,39.4
2026-10-08T09:30:10.650Z,26.787568,75.830710,-0.043,0.313,9.749,39.4
2026-10-08T09:30:10.700Z,26.787571,75.830713,-0.042,-0.123,10.046,39.4
2026-10-08T09:30:10.750Z,26.787573,75.830717,-0.214,0.228,9.529,39.4
2026-10-08T09:30:10.800Z,26.787576,75.830720,-0.264,0.051,9.849,39.5
2026-10-08T09:30:10.850Z,26.787579,75.830723,0.074,0.266,9.686,39.5
2026-10-08T09:30:10.900Z,26.787581,75.830727,0.111,-0.227,10.188,39.5
2026-10-08T09:30:10.950Z,26.787584,75.830730,0.158,0.134,9.866,39.5
2026-10-08T09:30:11.000Z,26.787587,75.830733,-0.196,-0.082,9.961,39.5
2026-10-08T09:30:11.050Z,26.787589,75.830737,-0.005,0.031,9.402,39.5
2026-10-08T09:30:11.100Z,26.787592,75.830740,0.045,-0.173,9.485,39.5
2026-10-08T09:30:11.150Z,26.787595,75.830743,-0.039,-0.464,10.020,39.6
2026-10-08T09:30:11.200Z,26.787597,75.830747,0.213,-0.013,9.512,39.6
2026-10-08T09:30:11.250Z,26.787600,75.830750,-0.236,-0.038,9.083,39.6
2026-10-08T09:30:11.300Z,26.787603,75.830753,0.045,0.166,9.716,39.6
2026-10-08T09:30:11.350Z,26.787605,75.830757,-0.124,0.045,9.915,39.6
2026-10-08T09:30:11.400Z,26.787608,75.830760,0.274,0.005,9.603,39.6
2026-10-08T09:30:11.450Z,26.787611,75.830763,-0.115,0.045,10.277,39.6
2026-10-08T09:30:11.500Z,26.787613,75.830767,-0.080,-0.263,9.549,39.7
2026-10-08T09:30:11.550Z,26.787616,75.830770,-0.524,0.082,9.402,39.7
2026-10-08T09:30:11.600Z,26.787619,75.830773,-0.308,-0.494,9.475,39.7
2026-10-08T09:30:11.650Z,26.787621,75.830777,0.142,-0.328,9.285,39.7
2026-10-08T09:30:11.700Z,26.787624,75.830780,0.045,-0.085,9.940,39.7
2026-10-08T09:30:11.750Z,26.787627,75.830783,0.185,-0.002,9.421,39.7
2026-10-08T09:30:11.800Z,26.787629,75.830787,-0.031,0.125,9.635,39.7
2026-10-08T09:30:11.850Z,26.787632,75.830790,-0.359,0.276,9.685,39.7
2026-10-08T09:30:11.900Z,26.787635,75.830793,-0.102,0.004,10.119,39.8
2026-10-08T09:30:11.950Z,26.787637,75.830797,0.066,-0.083,10.015,39.8
2026-10-08T09:30:12.000Z,26.787640,75.830800,-0.361,0.347,17.310,39.8
2026-10-08T09:30:12.050Z,26.787643,75.830803,0.378,-0.300,17.310,39.8
2026-10-08T09:30:12.100Z,26.787645,75.830807,0.621,0.105,5.310,39.8
2026-10-08T09:30:12.150Z,26.787648,75.830810,0.137,-0.080,9.444,39.8
2026-10-08T09:30:12.200Z,26.787651,75.830813,-0.181,-0.109,9.817,39.8
2026-10-08T09:30:12.250Z,26.787653,75.830817,-0.130,0.184,9.525,39.8
2026-10-08T09:30:12.300Z,26.787656,75.830820,-0.433,-0.185,10.215,39.8
2026-10-08T09:30:12.350Z,26.787659,75.830823,-0.143,0.585,9.957,39.8
2026-10-08T09:30:12.400Z,26.787661,75.830827,-0.291,-0.209,9.883,39.9
2026-10-08T09:30:12.450Z,26.787664,75.830830,-0.294,0.594,9.513,39.9
2026-10-08T09:30:12.500Z,26.787667,75.830833,0.170,0.365,9.777,39.9
2026-10-08T09:30:12.550Z,26.787669,75.830837,-0.249,-0.068,9.919,39.9
2026-10-08T09:30:12.600Z,26.787672,75.830840,0.219,0.014,9.390,39.9
2026-10-08T09:30:12.650Z,26.787675,75.830843,0.011,-0.168,9.155,39.9
2026-10-08T09:30:12.700Z,26.787677,75.830847,-0.174,-0.358,9.986,39.9
2026-10-08T09:30:12.750Z,26.787680,75.830850,0.486,0.465,9.638,39.9
2026-10-08T09:30:12.800Z,26.787683,75.830853,-0.117,0.172,10.128,39.9
2026-10-08T09:30:12.850Z,26.787685,75.830857,-0.105,-0.036,10.472,39.9
2026-10-08T09:30:12.900Z,26.787688,75.830860,-0.027,-0.121,9.846,39.9
2026-10-08T09:30:12.950Z,26.787691,75.830863,0.145,-0.255,9.735,39.9
2026-10-08T09:30:13.000Z,26.787693,75.830867,-0.292,-0.070,10.373,39.9
2026-10-08T09:30:13.050Z,26.787696,75.830870,0.185,-0.023,9.530,39.9
2026-10-08T09:30:13.100Z,26.787699,75.830873,-0.078,0.263,9.641,39.9
2026-10-08T09:30:13.150Z,26.787701,75.830877,0.363,-0.343,9.723,40.0
2026-10-08T09:30:13.200Z,26.787704,75.830880,0.436,-0.502,10.167,40.0
2026-10-08T09:30:13.250Z,26.787707,75.830883,-0.463,-0.023,9.758,40.0
2026-10-08T09:30:13.300Z,26.787709,75.830887,0.206,-0.789,9.235,40.0
2026-10-08T09:30:13.350Z,26.787712,75.830890,-0.142,0.009,9.542,40.0
2026-10-08T09:30:13.400Z,26.787715,75.830893,-0.055,-0.297,9.690,40.0
2026-10-08T09:30:13.450Z,26.787717,75.830897,-0.212,0.061,9.984,40.0
2026-10-08T09:30:13.500Z,26.787720,75.830900,0.358,-0.164,9.715,40.0
2026-10-08T09:30:13.550Z,26.787723,75.830903,0.012,-0.074,9.794,40.0
2026-10-08T09:30:13.600Z,26.787725,75.830907,-0.391,0.093,9.535,40.0
2026-10-08T09:30:13.650Z,26.787728,75.830910,-0.239,-0.397,10.158,40.0
2026-10-08T09:30:13.700Z,26.787731,75.830913,-0.035,0.287,9.892,40.0
2026-10-08T09:30:13.750Z,26.787733,75.830917,-0.426,-0.271,10.037,40.0
2026-10-08T09:30:13.800Z,26.787736,75.830920,-0.191,-0.273,9.756,40.0
2026-10-08T09:30:13.850Z,26.787739,75.830923,-0.044,-0.253,9.712,40.0
2026-10-08T09:30:13.900Z,26.787741,75.830927,-0.120,-0.647,9.961,40.0
2026-10-08T09:30:13.950Z,26.787744,75.830930,-0.203,0.326,9.465,40.0
2026-10-08T09:30:14.000Z,26.787747,75.830933,-0.395,0.297,9.334,40.0
2026-10-08T09:30:14.050Z,26.787749,75.830937,-0.159,0.149,9.711,40.0
2026-10-08T09:30:14.100Z,26.787752,75.830940,-0.414,0.047,9.752,40.0
2026-10-08T09:30:14.150Z,26.787755,75.830943,0.321,0.147,10.721,40.0
2026-10-08T09:30:14.200Z,26.787757,75.830947,-0.411,-0.005,9.490,40.0
2026-10-08T09:30:14.250Z,26.787760,75.830950,0.289,0.205,10.036,40.0
2026-10-08T09:30:14.300Z,26.787763,75.830953,-0.194,-0.186,9.201,40.0
2026-10-08T09:30:14.350Z,26.787765,75.830957,0.427,0.127,9.732,40.0
2026-10-08T09:30:14.400Z,26.787768,75.830960,0.233,0.188,10.103,40.0
2026-10-08T09:30:14.450Z,26.787771,75.830963,-0.406,-0.178,9.869,40.0
2026-10-08T09:30:14.500Z,26.787773,75.830967,0.089,0.239,9.507,40.0
2026-10-08T09:30:14.550Z,26.787776,75.830970,0.032,0.551,10.018,40.0
2026-10-08T09:30:14.600Z,26.787779,75.830973,0.218,-0.005,10.040,40.0
2026-10-08T09:30:14.650Z,26.787781,75.830977,0.451,0.027,10.177,40.0
2026-10-08T09:30:14.700Z,26.787784,75.830980,-0.219,0.148,10.081,40.0
2026-10-08T09:30:14.750Z,26.787787,75.830983,-0.188,0.275,9.607,40.0
2026-10-08T09:30:14.800Z,26.787789,75.830987,-0.201,-0.000,10.390,40.0
2026-10-08T09:30:14.850Z,26.787792,75.830990,0.077,0.234,9.590,40.0
2026-10-08T09:30:14.900Z,26.787795,75.830993,0.019,-0.294,9.639,40.0
2026-10-08T09:30:14.950Z,26.787797,75.830997,0.209,-0.010,10.245,40.0
2026-10-08T09:30:15.000Z,26.787800,75.831000,-0.051,-0.049,10.193,40.0
2026-10-08T09:30:15.050Z,26.787803,75.831003,-0.162,-0.380,10.200,40.0
2026-10-08T09:30:15.100Z,26.787805,75.831007,0.104,-0.541,9.823,40.0
2026-10-08T09:30:15.150Z,26.787808,75.831010,-0.101,0.436,9.591,39.9
2026-10-08T09:30:15.200Z,26.787811,75.831013,-0.145,-0.228,9.494,39.9
2026-10-08T09:30:15.250Z,26.787813,75.831017,-0.175,-0.359,9.501,39.9
2026-10-08T09:30:15.300Z,26.787816,75.831020,-0.402,-0.374,9.342,39.9
2026-10-08T09:30:15.350Z,26.787819,75.831023,-0.130,-0.171,9.442,39.9
2026-10-08T09:30:15.400Z,26.787821,75.831027,0.120,-0.012,9.680,39.9
2026-10-08T09:30:15.450Z,26.787824,75.831030,-0.116,0.398,9.882,39.9
2026-10-08T09:30:15.500Z,26.787827,75.831033,0.119,-0.647,9.614,39.9
2026-10-08T09:30:15.550Z,26.787829,75.831037,-0.543,-0.107,9.922,39.9
2026-10-08T09:30:15.600Z,26.787832,75.831040,-0.169,0.130,9.503,39.9
2026-10-08T09:30:15.650Z,26.787835,75.831043,0.144,-0.388,9.731,39.9
2026-10-08T09:30:15.700Z,26.787837,75.831047,0.105,0.134,9.772,39.9
2026-10-08T09:30:15.750Z,26.787840,75.831050,0.485,-0.104,9.675,39.9
2026-10-08T09:30:15.800Z,26.787843,75.831053,-0.690,0.442,9.699,39.9
2026-10-08T09:30:15.850Z,26.787845,75.831057,-0.294,0.330,10.181,39.9
2026-10-08T09:30:15.900Z,26.787848,75.831060,0.027,-0.359,9.936,39.8
2026-10-08T09:30:15.950Z,26.787851,75.831063,-0.155,-0.293,10.123,39.8
2026-10-08T09:30:16.000Z,26.787853,75.831067,-0.533,0.142,9.948,39.8
2026-10-08T09:30:16.050Z,26.787856,75.831070,0.513,0.081,9.192,39.8
2026-10-08T09:30:16.100Z,26.787859,75.831073,-0.209,0.016,9.917,39.8
2026-10-08T09:30:16.150Z,26.787861,75.831077,0.245,-0.490,9.711,39.8
2026-10-08T09:30:16.200Z,26.787864,75.831080,0.242,0.386,10.368,39.8
2026-10-08T09:30:16.250Z,26.787867,75.831083,-0.098,0.274,10.324,39.8
2026-10-08T09:30:16.300Z,26.787869,75.831087,0.300,0.181,10.058,39.8
2026-10-08T09:30:16.350Z,26.787872,75.831090,-0.197,-0.362,10.105,39.8
2026-10-08T09:30:16.400Z,26.787875,75.831093,-0.087,-0.007,9.636,39.7
2026-10-08T09:30:16.450Z,26.787877,75.831097,-0.098,0.058,9.503,39.7
2026-10-08T09:30:16.500Z,26.787880,75.831100,0.017,0.062,9.787,39.7
2026-10-08T09:30:16.550Z,26.787883,75.831103,-0.186,0.197,10.372,39.7
2026-10-08T09:30:16.600Z,26.787885,75.831107,-0.150,0.309,10.077,39.7
2026-10-08T09:30:16.650Z,26.787888,75.831110,-0.663,-0.190,9.619,39.7
2026-10-08T09:30:16.700Z,26.787891,75.831113,0.195,0.047,9.952,39.7
2026-10-08T09:30:16.750Z,26.787893,75.831117,0.159,-0.225,9.586,39.7
2026-10-08T09:30:16.800Z,26.787896,75.831120,-0.306,-0.043,9.774,39.7
2026-10-08T09:30:16.850Z,26.787899,75.831123,0.043,-0.182,10.082,39.6
2026-10-08T09:30:16.900Z,26.787901,75.831127,0.229,0.387,10.023,39.6
2026-10-08T09:30:16.950Z,26.787904,75.831130,0.046,0.168,9.993,39.6
2026-10-08T09:30:17.000Z,26.787907,75.831133,-0.163,0.322,10.326,39.6
2026-10-08T09:30:17.050Z,26.787909,75.831137,0.494,0.009,9.907,39.6
2026-10-08T09:30:17.100Z,26.787912,75.831140,0.104,-0.001,9.996,39.6
2026-10-08T09:30:17.150Z,26.787915,75.831143,-0.030,-0.048,10.338,39.6
2026-10-08T09:30:17.200Z,26.787917,75.831147,0.041,0.017,10.075,39.5
2026-10-08T09:30:17.250Z,26.787920,75.831150,0.038,0.073,9.791,39.5
2026-10-08T09:30:17.300Z,26.787923,75.831153,-0.305,-0.008,9.469,39.5
2026-10-08T09:30:17.350Z,26.787925,75.831157,0.053,-0.295,10.085,39.5
2026-10-08T09:30:17.400Z,26.787928,75.831160,0.187,0.070,9.780,39.5
2026-10-08T09:30:17.450Z,26.787931,75.831163,0.104,-0.491,9.481,39.5
2026-10-08T09:30:17.500Z,26.787933,75.831167,-0.037,0.086,9.786,39.4
2026-10-08T09:30:17.550Z,26.787936,75.831170,-0.251,0.033,9.674,39.4
2026-10-08T09:30:17.600Z,26.787939,75.831173,-0.267,0.082,9.747,39.4
2026-10-08T09:30:17.650Z,26.787941,75.831177,0.299,0.166,10.030,39.4
2026-10-08T09:30:17.700Z,26.787944,75.831180,0.080,-0.211,9.529,39.4
2026-10-08T09:30:17.750Z,26.787947,75.831183,-0.368,0.720,9.486,39.4
2026-10-08T09:30:17.800Z,26.787949,75.831187,-0.052,-0.090,9.726,39.3
2026-10-08T09:30:17.850Z,26.787952,75.831190,-0.146,-0.467,9.511,39.3
2026-10-08T09:30:17.900Z,26.787955,75.831193,-0.348,-0.032,9.605,39.3
2026-10-08T09:30:17.950Z,26.787957,75.831197,-0.172,0.054,9.635,39.3
2026-10-08T09:30:18.000Z,26.787960,75.831200,0.233,-0.097,9.878,39.3
2026-10-08T09:30:18.050Z,26.787963,75.831203,-0.331,0.164,9.688,39.3
2026-10-08T09:30:18.100Z,26.787965,75.831207,0.102,0.083,9.758,39.2
2026-10-08T09:30:18.150Z,26.787968,75.831210,0.054,-0.096,10.214,39.2
2026-10-08T09:30:18.200Z,26.787971,75.831213,0.234,0.121,9.456,39.2
2026-10-08T09:30:18.250Z,26.787973,75.831217,-0.275,-0.166,9.736,39.2
2026-10-08T09:30:18.300Z,26.787976,75.831220,0.112,-0.224,10.163,39.2
2026-10-08T09:30:18.350Z,26.787979,75.831223,0.001,-0.503,9.667,39.1
2026-10-08T09:30:18.400Z,26.787981,75.831227,-0.646,-0.188,9.645,39.1
2026-10-08T09:30:18.450Z,26.787984,75.831230,-0.153,-0.081,9.692,39.1
2026-10-08T09:30:18.500Z,26.787987,75.831233,-0.148,0.376,10.174,39.1
2026-10-08T09:30:18.550Z,26.787989,75.831237,-0.285,0.313,9.324,39.1
2026-10-08T09:30:18.600Z,26.787992,75.831240,-0.204,0.381,9.138,39.0
2026-10-08T09:30:18.650Z,26.787995,75.831243,0.144,-0.313,9.767,39.0
2026-10-08T09:30:18.700Z,26.787997,75.831247,-0.045,0.424,9.567,39.0
2026-10-08T09:30:18.750Z,26.788000,75.831250,-0.017,0.157,9.734,39.0
2026-10-08T09:30:18.800Z,26.788003,75.831253,-0.206,-0.015,9.838,39.0
2026-10-08T09:30:18.850Z,26.788005,75.831257,0.221,-0.236,9.675,38.9
2026-10-08T09:30:18.900Z,26.788008,75.831260,0.081,-0.042,9.754,38.9
2026-10-08T09:30:18.950Z,26.788011,75.831263,-0.004,-0.174,9.570,38.9
2026-10-08T09:30:19.000Z,26.788013,75.831267,0.110,-0.274,10.160,38.9
2026-10-08T09:30:19.050Z,26.788016,75.831270,0.054,-0.319,9.895,38.8
2026-10-08T09:30:19.100Z,26.788019,75.831273,0.042,0.191,10.158,38.8
2026-10-08T09:30:19.150Z,26.788021,75.831277,-0.092,-0.177,9.628,38.8
2026-10-08T09:30:19.200Z,26.788024,75.831280,-0.245,-0.187,9.895,38.8
2026-10-08T09:30:19.250Z,26.788027,75.831283,0.004,-0.123,9.589,38.7
2026-10-08T09:30:19.300Z,26.788029,75.831287,0.087,-0.125,9.498,38.7
2026-10-08T09:30:19.350Z,26.788032,75.831290,-0.038,-0.066,9.489,38.7
2026-10-08T09:30:19.400Z,26.788035,75.831293,0.207,0.212,9.822,38.7
2026-10-08T09:30:19.450Z,26.788037,75.831297,0.033,0.132,9.801,38.6
2026-10-08T09:30:19.500Z,26.788040,75.831300,0.223,0.414,9.834,38.6
2026-10-08T09:30:19.550Z,26.788043,75.831303,0.110,0.218,9.709,38.6
2026-10-08T09:30:19.600Z,26.788045,75.831307,-0.282,0.227,9.339,38.6
2026-10-08T09:30:19.650Z,26.788048,75.831310,0.447,0.218,9.866,38.5
2026-10-08T09:30:19.700Z,26.788051,75.831313,0.013,0.438,9.526,38.5
2026-10-08T09:30:19.750Z,26.788053,75.831317,-0.290,-0.150,9.731,38.5
2026-10-08T09:30:19.800Z,26.788056,75.831320,-0.252,0.038,9.851,38.5
2026-10-08T09:30:19.850Z,26.788059,75.831323,-0.203,0.401,9.392,38.4
2026-10-08T09:30:19.900Z,26.788061,75.831327,-0.319,0.094,9.748,38.4
2026-10-08T09:30:19.950Z,26.788064,75.831330,0.104,-0.155,9.500,38.4
2026-10-08T09:30:20.000Z,26.788067,75.831333,-0.161,-0.171,9.967,38.4
2026-10-08T09:30:20.050Z,26.788069,75.831337,-0.120,0.190,9.986,38.3
2026-10-08T09:30:20.100Z,26.788072,75.831340,0.260,0.225,10.045,38.3
2026-10-08T09:30:20.150Z,26.788075,75.831343,0.192,-0.129,9.731,38.3
2026-10-08T09:30:20.200Z,26.788077,75.831347,-0.458,0.073,9.608,38.3
2026-10-08T09:30:20.250Z,26.788080,75.831350,0.100,0.132,9.404,38.2
2026-10-08T09:30:20.300Z,26.788083,75.831353,-0.253,-0.087,9.655,38.2
2026-10-08T09:30:20.350Z,26.788085,75.831357,0.042,-0.289,9.824,38.2
2026-10-08T09:30:20.400Z,26.788088,75.831360,-0.422,-0.539,10.025,38.1
2026-10-08T09:30:20.450Z,26.788091,75.831363,-0.326,-0.140,9.385,38.1
2026-10-08T09:30:20.500Z,26.788093,75.831367,-0.352,-0.100,9.687,38.1
2026-10-08T09:30:20.550Z,26.788096,75.831370,0.246,0.112,9.732,38.1
2026-10-08T09:30:20.600Z,26.788099,75.831373,0.189,0.279,9.933,38.0
2026-10-08T09:30:20.650Z,26.788101,75.831377,-0.102,0.255,10.341,38.0
2026-10-08T09:30:20.700Z,26.788104,75.831380,0.165,0.443,10.088,38.0
2026-10-08T09:30:20.750Z,26.788107,75.831383,0.212,-0.273,9.476,37.9
2026-10-08T09:30:20.800Z,26.788109,75.831387,-0.012,-0.417,9.632,37.9
2026-10-08T09:30:20.850Z,26.788112,75.831390,0.217,-0.166,9.970,37.9
2026-10-08T09:30:20.900Z,26.788115,75.831393,-0.338,-0.123,10.117,37.8
2026-10-08T09:30:20.950Z,26.788117,75.831397,0.052,0.073,10.321,37.8
2026-10-08T09:30:21.000Z,26.788120,75.831400,0.324,-0.219,10.205,37.8
2026-10-08T09:30:21.050Z,26.788123,75.831403,-0.154,-0.004,9.815,37.8
2026-10-08T09:30:21.100Z,26.788125,75.831407,0.268,-0.282,9.946,37.7
2026-10-08T09:30:21.150Z,26.788128,75.831410,0.131,0.203,9.747,37.7
2026-10-08T09:30:21.200Z,26.788131,75.831413,0.251,-0.178,10.154,37.7
2026-10-08T09:30:21.250Z,26.788133,75.831417,0.088,-0.350,9.932,37.6
2026-10-08T09:30:21.300Z,26.788136,75.831420,0.045,-0.089,9.589,37.6
2026-10-08T09:30:21.350Z,26.788139,75.831423,-0.060,-0.361,10.317,37.6
2026-10-08T09:30:21.400Z,26.788141,75.831427,-0.282,-0.165,10.153,37.5
2026-10-08T09:30:21.450Z,26.788144,75.831430,0.146,0.180,10.265,37.5
2026-10-08T09:30:21.500Z,26.788147,75.831433,-0.078,-0.262,10.063,37.5
2026-10-08T09:30:21.550Z,26.788149,75.831437,0.199,-0.082,9.430,37.4
2026-10-08T09:30:21.600Z,26.788152,75.831440,0.310,0.144,9.398,37.4
2026-10-08T09:30:21.650Z,26.788155,75.831443,0.195,-0.360,9.665,37.4
2026-10-08T09:30:21.700Z,26.788157,75.831447,-0.281,-0.159,9.560,37.3
2026-10-08T09:30:21.750Z,26.788160,75.831450,-0.153,0.181,9.898,37.3
2026-10-08T09:30:21.800Z,26.788163,75.831453,0.157,0.273,9.698,37.3
2026-10-08T09:30:21.850Z,26.788165,75.831457,0.020,0.135,10.322,37.2
2026-10-08T09:30:21.900Z,26.788168,75.831460,0.225,0.345,10.116,37.2
2026-10-08T09:30:21.950Z,26.788171,75.831463,0.264,-0.446,10.074,37.2
2026-10-08T09:30:22.000Z,26.788173,75.831467,-0.287,0.014,15.010,37.1
2026-10-08T09:30:22.050Z,26.788176,75.831470,0.279,0.210,15.010,37.1
2026-10-08T09:30:22.100Z,26.788179,75.831473,-0.403,-0.238,6.690,37.1
2026-10-08T09:30:22.150Z,26.788181,75.831477,-0.173,-0.192,6.690,37.0
2026-10-08T09:30:22.200Z,26.788184,75.831480,-0.273,-0.210,9.755,37.0
2026-10-08T09:30:22.250Z,26.788187,75.831483,0.101,-0.262,9.956,37.0
2026-10-08T09:30:22.300Z,26.788189,75.831487,-0.206,0.682,9.528,36.9
2026-10-08T09:30:22.350Z,26.788192,75.831490,-0.198,0.049,9.539,36.9
2026-10-08T09:30:22.400Z,26.788195,75.831493,0.207,0.450,9.694,36.9
2026-10-08T09:30:22.450Z,26.788197,75.831497,0.043,-0.129,9.810,36.8
2026-10-08T09:30:22.500Z,26.788200,75.831500,0.358,0.224,9.539,36.8
2026-10-08T09:30:22.550Z,26.788203,75.831503,0.386,0.291,9.956,36.8
2026-10-08T09:30:22.600Z,26.788205,75.831507,-0.165,0.016,9.571,36.7
2026-10-08T09:30:22.650Z,26.788208,75.831510,0.117,-0.079,9.140,36.7
2026-10-08T09:30:22.700Z,26.788211,75.831513,0.232,0.048,10.134,36.6
2026-10-08T09:30:22.750Z,26.788213,75.831517,-0.034,0.047,10.145,36.6
2026-10-08T09:30:22.800Z,26.788216,75.831520,0.097,0.072,10.774,36.6
2026-10-08T09:30:22.850Z,26.788219,75.831523,-0.042,0.042,10.330,36.5
2026-10-08T09:30:22.900Z,26.788221,75.831527,-0.201,-0.260,9.380,36.5
2026-10-08T09:30:22.950Z,26.788224,75.831530,0.133,0.156,10.032,36.5
2026-10-08T09:30:23.000Z,26.788227,75.831533,-0.338,0.251,10.169,36.4
2026-10-08T09:30:23.050Z,26.788229,75.831537,-0.024,0.008,10.013,36.4
2026-10-08T09:30:23.100Z,26.788232,75.831540,0.092,0.160,9.484,36.4
2026-10-08T09:30:23.150Z,26.788235,75.831543,-0.044,-0.303,9.999,36.3
2026-10-08T09:30:23.200Z,26.788237,75.831547,0.133,-0.025,9.899,36.3
2026-10-08T09:30:23.250Z,26.788240,75.831550,-0.389,0.214,9.670,36.2
2026-10-08T09:30:23.300Z,26.788243,75.831553,0.032,0.279,9.583,36.2
2026-10-08T09:30:23.350Z,26.788245,75.831557,0.299,0.031,9.818,36.2
2026-10-08T09:30:23.400Z,26.788248,75.831560,0.139,-0.312,9.988,36.1
2026-10-08T09:30:23.450Z,26.788251,75.831563,0.015,0.259,9.745,36.1
2026-10-08T09:30:23.500Z,26.788253,75.831567,-0.091,0.092,9.792,36.0
2026-10-08T09:30:23.550Z,26.788256,75.831570,-0.293,-0.048,10.190,36.0
2026-10-08T09:30:23.600Z,26.788259,75.831573,-0.023,-0.218,10.025,36.0
2026-10-08T09:30:23.650Z,26.788261,75.831577,-0.463,-0.530,9.809,35.9
2026-10-08T09:30:23.700Z,26.788264,75.831580,0.045,0.055,9.542,35.9
2026-10-08T09:30:23.750Z,26.788267,75.831583,-0.038,-0.350,9.876,35.9
2026-10-08T09:30:23.800Z,26.788269,75.831587,-0.404,-0.037,9.888,35.8
2026-10-08T09:30:23.850Z,26.788272,75.831590,-0.439,-0.131,10.046,35.8
2026-10-08T09:30:23.900Z,26.788275,75.831593,0.387,-0.376,9.912,35.7
2026-10-08T09:30:23.950Z,26.788277,75.831597,-0.309,-0.336,10.289,35.7
2026-10-08T09:30:24.000Z,26.788280,75.831600,0.167,-0.201,9.876,35.7
2026-10-08T09:30:24.050Z,26.788283,75.831603,0.160,0.045,10.484,35.6
2026-10-08T09:30:24.100Z,26.788285,75.831607,0.151,-0.748,9.723,35.6
2026-10-08T09:30:24.150Z,26.788288,75.831610,-0.184,-0.051,9.814,35.5
2026-10-08T09:30:24.200Z,26.788291,75.831613,-0.163,-0.271,10.219,35.5
2026-10-08T09:30:24.250Z,26.788293,75.831617,0.149,-0.168,10.014,35.5
2026-10-08T09:30:24.300Z,26.788296,75.831620,0.169,0.317,9.493,35.4
2026-10-08T09:30:24.350Z,26.788299,75.831623,0.195,-0.152,10.157,35.4
2026-10-08T09:30:24.400Z,26.788301,75.831627,-0.048,-0.568,9.821,35.3
2026-10-08T09:30:24.450Z,26.788304,75.831630,-0.446,-0.054,9.793,35.3
2026-10-08T09:30:24.500Z,26.788307,75.831633,-0.100,-0.372,9.475,35.3
2026-10-08T09:30:24.550Z,26.788309,75.831637,-0.211,-0.062,10.197,35.2
2026-10-08T09:30:24.600Z,26.788312,75.831640,0.177,-0.118,10.192,35.2
2026-10-08T09:30:24.650Z,26.788315,75.831643,-0.342,0.171,9.757,35.1
2026-10-08T09:30:24.700Z,26.788317,75.831647,0.059,0.160,9.606,35.1
2026-10-08T09:30:24.750Z,26.788320,75.831650,0.200,-0.002,10.534,35.1
2026-10-08T09:30:24.800Z,26.788323,75.831653,-0.076,0.317,10.004,35.0
2026-10-08T09:30:24.850Z,26.788325,75.831657,-0.294,0.340,9.492,35.0
2026-10-08T09:30:24.900Z,26.788328,75.831660,-0.558,0.213,10.131,34.9
2026-10-08T09:30:24.950Z,26.788331,75.831663,0.013,-0.065,10.285,34.9
2026-10-08T09:30:25.000Z,26.788333,75.831667,0.178,-0.164,10.029,34.8
2026-10-08T09:30:25.050Z,26.788336,75.831670,-0.311,-0.140,9.495,34.8
2026-10-08T09:30:25.100Z,26.788339,75.831673,-0.550,-0.294,10.177,34.8
2026-10-08T09:30:25.150Z,26.788341,75.831677,-0.274,-0.138,9.462,34.7
2026-10-08T09:30:25.200Z,26.788344,75.831680,0.216,0.000,9.957,34.7
2026-10-08T09:30:25.250Z,26.788347,75.831683,-0.026,-0.293,9.518,34.6
2026-10-08T09:30:25.300Z,26.788349,75.831687,0.209,-0.014,10.042,34.6
2026-10-08T09:30:25.350Z,26.788352,75.831690,-0.791,0.278,9.662,34.6
2026-10-08T09:30:25.400Z,26.788355,75.831693,0.543,-0.128,9.818,34.5
2026-10-08T09:30:25.450Z,26.788357,75.831697,0.165,-0.219,10.072,34.5
2026-10-08T09:30:25.500Z,26.788360,75.831700,-0.161,0.322,10.048,34.4
2026-10-08T09:30:25.550Z,26.788363,75.831703,0.124,-0.181,9.747,34.4
2026-10-08T09:30:25.600Z,26.788365,75.831707,0.075,-0.508,9.644,34.3
2026-10-08T09:30:25.650Z,26.788368,75.831710,0.235,-0.317,10.194,34.3
2026-10-08T09:30:25.700Z,26.788371,75.831713,-0.157,0.081,9.466,34.3
2026-10-08T09:30:25.750Z,26.788373,75.831717,0.121,0.116,10.151,34.2
2026-10-08T09:30:25.800Z,26.788376,75.831720,0.339,0.313,9.873,34.2
2026-10-08T09:30:25.850Z,26.788379,75.831723,-0.307,0.331,9.419,34.1
2026-10-08T09:30:25.900Z,26.788381,75.831727,-0.110,0.184,9.943,34.1
2026-10-08T09:30:25.950Z,26.788384,75.831730,0.398,-0.001,9.303,34.0
2026-10-08T09:30:26.000Z,26.788387,75.831733,-0.069,0.044,9.705,34.0
2026-10-08T09:30:26.050Z,26.788389,75.831737,0.353,-0.062,9.379,34.0
2026-10-08T09:30:26.100Z,26.788392,75.831740,0.117,-0.287,10.320,33.9
2026-10-08T09:30:26.150Z,26.788395,75.831743,0.068,-0.351,10.134,33.9
2026-10-08T09:30:26.200Z,26.788397,75.831747,0.592,-0.501,10.081,33.8
2026-10-08T09:30:26.250Z,26.788400,75.831750,0.121,0.044,9.913,33.8
2026-10-08T09:30:26.300Z,26.788403,75.831753,0.123,-0.173,10.233,33.7
2026-10-08T09:30:26.350Z,26.788405,75.831757,-0.337,0.490,10.268,33.7
2026-10-08T09:30:26.400Z,26.788408,75.831760,-0.297,-0.001,10.236,33.7
2026-10-08T09:30:26.450Z,26.788411,75.831763,-0.123,-0.041,9.689,33.6
2026-10-08T09:30:26.500Z,26.788413,75.831767,0.292,-0.152,9.807,33.6
2026-10-08T09:30:26.550Z,26.788416,75.831770,0.135,-0.052,9.550,33.5
2026-10-08T09:30:26.600Z,26.788419,75.831773,-0.335,-0.380,9.456,33.5
2026-10-08T09:30:26.650Z,26.788421,75.831777,-0.430,-0.182,9.900,33.4
2026-10-08T09:30:26.700Z,26.788424,75.831780,0.014,-0.207,9.505,33.4
2026-10-08T09:30:26.750Z,26.788427,75.831783,-0.248,-0.347,9.439,33.3
2026-10-08T09:30:26.800Z,26.788429,75.831787,0.179,-0.351,9.815,33.3
2026-10-08T09:30:26.850Z,26.788432,75.831790,-0.155,0.607,9.271,33.3
2026-10-08T09:30:26.900Z,26.788435,75.831793,0.048,-0.083,9.579,33.2
2026-10-08T09:30:26.950Z,26.788437,75.831797,0.079,0.039,9.489,33.2
2026-10-08T09:30:27.000Z,26.788440,75.831800,0.107,0.097,10.203,11.1
2026-10-08T09:30:27.050Z,26.788443,75.831803,-0.152,0.368,9.751,11.1
2026-10-08T09:30:27.100Z,26.788445,75.831807,-0.494,0.131,9.786,11.0
2026-10-08T09:30:27.150Z,26.788448,75.831810,-0.221,0.233,9.669,11.0
2026-10-08T09:30:27.200Z,26.788451,75.831813,0.254,-0.021,10.035,11.0
2026-10-08T09:30:27.250Z,26.788453,75.831817,0.170,0.118,9.500,10.9
2026-10-08T09:30:27.300Z,26.788456,75.831820,0.230,0.005,10.411,10.9
2026-10-08T09:30:27.350Z,26.788459,75.831823,0.120,0.188,9.581,10.8
2026-10-08T09:30:27.400Z,26.788461,75.831827,-0.102,0.024,9.459,10.8
2026-10-08T09:30:27.450Z,26.788464,75.831830,-0.293,-0.027,9.787,10.7
2026-10-08T09:30:27.500Z,26.788467,75.831833,0.051,0.279,9.690,10.7
2026-10-08T09:30:27.550Z,26.788469,75.831837,0.170,-0.036,9.752,10.6
2026-10-08T09:30:27.600Z,26.788472,75.831840,0.064,-0.517,9.830,10.6
2026-10-08T09:30:27.650Z,26.788475,75.831843,-0.160,-0.232,9.244,10.6
2026-10-08T09:30:27.700Z,26.788477,75.831847,-0.111,-0.469,10.071,10.5
2026-10-08T09:30:27.750Z,26.788480,75.831850,-0.060,-0.421,9.608,10.5
2026-10-08T09:30:27.800Z,26.788483,75.831853,0.189,-0.149,9.726,10.4
2026-10-08T09:30:27.850Z,26.788485,75.831857,-0.092,-0.032,9.300,10.4
2026-10-08T09:30:27.900Z,26.788488,75.831860,-0.011,-0.140,10.696,10.3
2026-10-08T09:30:27.950Z,26.788491,75.831863,-0.053,-0.114,10.107,10.3
2026-10-08T09:30:28.000Z,26.788493,75.831867,-0.039,0.063,9.548,10.2
2026-10-08T09:30:28.050Z,26.788496,75.831870,0.389,-0.157,9.923,10.2
2026-10-08T09:30:28.100Z,26.788499,75.831873,0.283,-0.076,9.810,10.2
2026-10-08T09:30:28.150Z,26.788501,75.831877,0.147,0.171,9.483,10.1
2026-10-08T09:30:28.200Z,26.788504,75.831880,0.045,-0.236,9.586,10.1
2026-10-08T09:30:28.250Z,26.788507,75.831883,-0.162,0.304,10.289,10.0
2026-10-08T09:30:28.300Z,26.788509,75.831887,0.651,-0.014,9.558,10.0
2026-10-08T09:30:28.350Z,26.788512,75.831890,-0.242,0.402,9.348,9.9
2026-10-08T09:30:28.400Z,26.788515,75.831893,-0.079,-0.142,10.335,9.9
2026-10-08T09:30:28.450Z,26.788517,75.831897,-0.253,0.275,10.204,9.8
2026-10-08T09:30:28.500Z,26.788520,75.831900,-0.042,0.116,9.348,9.8
2026-10-08T09:30:28.550Z,26.788523,75.831903,-0.022,-0.054,9.036,9.8
2026-10-08T09:30:28.600Z,26.788525,75.831907,0.104,0.089,9.302,9.7
2026-10-08T09:30:28.650Z,26.788528,75.831910,-0.353,-0.187,9.651,9.7
2026-10-08T09:30:28.700Z,26.788531,75.831913,-0.077,-0.240,9.508,9.6
2026-10-08T09:30:28.750Z,26.788533,75.831917,0.077,-0.119,9.778,9.6
2026-10-08T09:30:28.800Z,26.788536,75.831920,-0.057,0.114,9.764,9.5
2026-10-08T09:30:28.850Z,26.788539,75.831923,0.215,0.026,10.077,9.5
2026-10-08T09:30:28.900Z,26.788541,75.831927,0.312,-0.365,10.087,9.4
2026-10-08T09:30:28.950Z,26.788544,75.831930,0.446,-0.243,9.800,9.4
2026-10-08T09:30:29.000Z,26.788547,75.831933,-0.089,0.110,9.966,9.4
2026-10-08T09:30:29.050Z,26.788549,75.831937,-0.167,0.328,9.553,9.3
2026-10-08T09:30:29.100Z,26.788552,75.831940,-0.035,0.256,10.396,9.3
2026-10-08T09:30:29.150Z,26.788555,75.831943,-0.128,0.196,9.876,9.2
2026-10-08T09:30:29.200Z,26.788557,75.831947,-0.396,-0.239,9.449,9.2
2026-10-08T09:30:29.250Z,26.788560,75.831950,-0.126,-0.104,9.818,9.1
2026-10-08T09:30:29.300Z,26.788563,75.831953,0.319,0.106,10.606,9.1
2026-10-08T09:30:29.350Z,26.788565,75.831957,-0.061,0.197,9.934,9.0
2026-10-08T09:30:29.400Z,26.788568,75.831960,0.377,-0.095,10.064,9.0
2026-10-08T09:30:29.450Z,26.788571,75.831963,0.407,-0.180,9.788,9.0
2026-10-08T09:30:29.500Z,26.788573,75.831967,0.126,-0.109,9.547,8.9
2026-10-08T09:30:29.550Z,26.788576,75.831970,0.458,-0.057,10.330,8.9
2026-10-08T09:30:29.600Z,26.788579,75.831973,-0.127,-0.052,10.049,8.8
2026-10-08T09:30:29.650Z,26.788581,75.831977,-0.052,-0.225,9.594,8.8
2026-10-08T09:30:29.700Z,26.788584,75.831980,0.068,-0.167,9.836,8.7
2026-10-08T09:30:29.750Z,26.788587,75.831983,-0.564,-0.140,9.756,8.7
2026-10-08T09:30:29.800Z,26.788589,75.831987,-0.128,-0.248,9.545,8.7
2026-10-08T09:30:29.850Z,26.788592,75.831990,0.018,0.372,9.390,8.6
2026-10-08T09:30:29.900Z,26.788595,75.831993,-0.069,0.244,9.910,8.6
2026-10-08T09:30:29.950Z,26.788597,75.831997,-0.023,-0.113,9.814,8.5
2026-10-08T09:30:30.000Z,26.788600,75.832000,-0.025,-0.547,9.595,8.5
2026-10-08T09:30:30.050Z,26.788603,75.832003,-0.487,0.323,10.057,8.4
2026-10-08T09:30:30.100Z,26.788605,75.832007,-0.197,0.201,10.545,8.4
2026-10-08T09:30:30.150Z,26.788608,75.832010,-0.156,0.325,9.919,8.3
2026-10-08T09:30:30.200Z,26.788611,75.832013,-0.059,-0.276,9.643,8.3
2026-10-08T09:30:30.250Z,26.788613,75.832017,-0.099,-0.579,9.969,8.3
2026-10-08T09:30:30.300Z,26.788616,75.832020,-0.080,0.115,9.684,8.2
2026-10-08T09:30:30.350Z,26.788619,75.832023,0.750,-0.414,9.530,8.2
2026-10-08T09:30:30.400Z,26.788621,75.832027,0.176,0.590,9.512,8.1
2026-10-08T09:30:30.450Z,26.788624,75.832030,0.457,-0.229,10.198,8.1
2026-10-08T09:30:30.500Z,26.788627,75.832033,0.019,0.557,10.345,8.0
2026-10-08T09:30:30.550Z,26.788629,75.832037,-0.162,0.734,9.473,8.0
2026-10-08T09:30:30.600Z,26.788632,75.832040,-0.078,0.452,9.590,8.0
2026-10-08T09:30:30.650Z,26.788635,75.832043,-0.160,0.033,9.946,7.9
2026-10-08T09:30:30.700Z,26.788637,75.832047,0.097,-0.186,9.869,7.9
2026-10-08T09:30:30.750Z,26.788640,75.832050,0.159,0.376,9.908,7.8
2026-10-08T09:30:30.800Z,26.788643,75.832053,-0.313,0.007,9.624,7.8
2026-10-08T09:30:30.850Z,26.788645,75.832057,0.330,-0.419,9.978,7.7
2026-10-08T09:30:30.900Z,26.788648,75.832060,-0.266,0.318,10.041,7.7
2026-10-08T09:30:30.950Z,26.788651,75.832063,0.055,0.126,9.709,7.7
2026-10-08T09:30:31.000Z,26.788653,75.832067,0.169,-0.012,10.029,7.6
2026-10-08T09:30:31.050Z,26.788656,75.832070,0.015,-0.620,9.656,29.6
2026-10-08T09:30:31.100Z,26.788659,75.832073,0.379,0.363,9.841,29.5
2026-10-08T09:30:31.150Z,26.788661,75.832077,-0.032,-0.084,9.999,29.5
2026-10-08T09:30:31.200Z,26.788664,75.832080,0.145,-0.245,10.008,29.4
2026-10-08T09:30:31.250Z,26.788667,75.832083,0.308,-0.239,9.754,29.4
2026-10-08T09:30:31.300Z,26.788669,75.832087,0.116,0.181,9.684,29.4
2026-10-08T09:30:31.350Z,26.788672,75.832090,-0.132,-0.116,9.926,29.3
2026-10-08T09:30:31.400Z,26.788675,75.832093,0.107,-0.005,9.401,29.3
2026-10-08T09:30:31.450Z,26.788677,75.832097,-0.272,0.159,9.444,29.2
2026-10-08T09:30:31.500Z,26.788680,75.832100,0.057,-0.090,9.629,29.2
2026-10-08T09:30:31.550Z,26.788683,75.832103,0.007,0.419,9.897,29.2
2026-10-08T09:30:31.600Z,26.788685,75.832107,-0.074,-0.368,9.964,29.1
2026-10-08T09:30:31.650Z,26.788688,75.832110,0.284,0.152,10.160,29.1
2026-10-08T09:30:31.700Z,26.788691,75.832113,0.119,-0.326,9.797,29.0
2026-10-08T09:30:31.750Z,26.788693,75.832117,0.131,0.180,9.662,29.0
2026-10-08T09:30:31.800Z,26.788696,75.832120,-0.016,0.091,10.191,28.9
2026-10-08T09:30:31.850Z,26.788699,75.832123,0.251,0.162,9.929,28.9
2026-10-08T09:30:31.900Z,26.788701,75.832127,-0.256,-0.275,9.782,28.9
2026-10-08T09:30:31.950Z,26.788704,75.832130,0.260,0.099,9.978,28.8
2026-10-08T09:30:32.000Z,26.788707,75.832133,-0.375,-0.365,10.146,28.8
2026-10-08T09:30:32.050Z,26.788709,75.832137,-0.009,-0.328,10.075,28.7
2026-10-08T09:30:32.100Z,26.788712,75.832140,0.065,0.738,10.185,28.7
2026-10-08T09:30:32.150Z,26.788715,75.832143,0.087,-0.038,9.880,28.7
2026-10-08T09:30:32.200Z,26.788717,75.832147,-0.026,-0.360,10.088,28.6
2026-10-08T09:30:32.250Z,26.788720,75.832150,0.069,-0.689,9.619,28.6
2026-10-08T09:30:32.300Z,26.788723,75.832153,-0.207,0.245,9.797,28.5
2026-10-08T09:30:32.350Z,26.788725,75.832157,0.372,-0.398,9.487,28.5
2026-10-08T09:30:32.400Z,26.788728,75.832160,0.267,-0.164,9.492,28.5
2026-10-08T09:30:32.450Z,26.788731,75.832163,-0.132,-0.190,9.972,28.4
2026-10-08T09:30:32.500Z,26.788733,75.832167,0.280,-0.397,9.723,28.4
2026-10-08T09:30:32.550Z,26.788736,75.832170,0.004,0.021,10.060,28.3
2026-10-08T09:30:32.600Z,26.788739,75.832173,0.030,-0.145,9.476,28.3
2026-10-08T09:30:32.650Z,26.788741,75.832177,-0.456,-0.093,9.814,28.3
2026-10-08T09:30:32.700Z,26.788744,75.832180,0.230,-0.094,10.507,28.2
2026-10-08T09:30:32.750Z,26.788747,75.832183,-0.019,-0.121,9.924,28.2
2026-10-08T09:30:32.800Z,26.788749,75.832187,-0.243,0.052,9.191,28.1
2026-10-08T09:30:32.850Z,26.788752,75.832190,0.169,0.017,9.873,28.1
2026-10-08T09:30:32.900Z,26.788755,75.832193,0.039,-0.318,9.540,28.1
2026-10-08T09:30:32.950Z,26.788757,75.832197,0.392,0.124,9.631,28.0
2026-10-08T09:30:33.000Z,26.788760,75.832200,0.994,0.102,18.810,28.0
2026-10-08T09:30:33.050Z,26.788763,75.832203,0.022,-0.112,18.810,28.0
2026-10-08T09:30:33.100Z,26.788765,75.832207,-0.509,-0.305,4.410,27.9
2026-10-08T09:30:33.150Z,26.788768,75.832210,0.314,0.228,4.410,27.9
2026-10-08T09:30:33.200Z,26.788771,75.832213,0.208,0.565,10.083,27.8
2026-10-08T09:30:33.250Z,26.788773,75.832217,0.401,-0.378,9.587,27.8
2026-10-08T09:30:33.300Z,26.788776,75.832220,-0.188,-0.669,9.832,27.8
2026-10-08T09:30:33.350Z,26.788779,75.832223,0.348,-0.134,9.869,27.7
2026-10-08T09:30:33.400Z,26.788781,75.832227,-0.214,-0.123,9.896,27.7
2026-10-08T09:30:33.450Z,26.788784,75.832230,-0.299,0.294,9.234,27.6
2026-10-08T09:30:33.500Z,26.788787,75.832233,0.081,-0.123,10.257,27.6
2026-10-08T09:30:33.550Z,26.788789,75.832237,0.190,-0.521,9.083,27.6
2026-10-08T09:30:33.600Z,26.788792,75.832240,-0.250,-0.126,9.753,27.5
2026-10-08T09:30:33.650Z,26.788795,75.832243,0.008,0.168,9.400,27.5
2026-10-08T09:30:33.700Z,26.788797,75.832247,-0.450,0.063,9.702,27.5
2026-10-08T09:30:33.750Z,26.788800,75.832250,-0.026,-0.160,9.758,27.4
2026-10-08T09:30:33.800Z,26.788803,75.832253,0.372,-0.406,9.442,27.4
2026-10-08T09:30:33.850Z,26.788805,75.832257,0.160,0.392,9.748,27.4
2026-10-08T09:30:33.900Z,26.788808,75.832260,-0.316,-0.500,9.888,27.3
2026-10-08T09:30:33.950Z,26.788811,75.832263,-0.312,0.544,10.512,27.3
2026-10-08T09:30:34.000Z,26.788813,75.832267,0.057,0.121,9.775,27.2
2026-10-08T09:30:34.050Z,26.788816,75.832270,0.285,-0.001,9.829,27.2
2026-10-08T09:30:34.100Z,26.788819,75.832273,0.340,0.157,10.449,27.2
2026-10-08T09:30:34.150Z,26.788821,75.832277,-0.409,-0.139,9.539,27.1
2026-10-08T09:30:34.200Z,26.788824,75.832280,0.210,-0.123,9.991,27.1
2026-10-08T09:30:34.250Z,26.788827,75.832283,-0.292,-0.024,10.499,27.1
2026-10-08T09:30:34.300Z,26.788829,75.832287,0.410,-0.470,9.919,27.0
2026-10-08T09:30:34.350Z,26.788832,75.832290,0.207,-0.123,9.479,27.0
2026-10-08T09:30:34.400Z,26.788835,75.832293,0.165,0.025,9.976,27.0
2026-10-08T09:30:34.450Z,26.788837,75.832297,-0.040,0.583,9.536,26.9
2026-10-08T09:30:34.500Z,26.788840,75.832300,-0.124,0.129,10.030,26.9
2026-10-08T09:30:34.550Z,26.788843,75.832303,-0.345,0.324,9.373,26.9
2026-10-08T09:30:34.600Z,26.788845,75.832307,0.002,-0.077,9.598,26.8
2026-10-08T09:30:34.650Z,26.788848,75.832310,0.283,-0.587,9.591,26.8
2026-10-08T09:30:34.700Z,26.788851,75.832313,-0.226,0.219,10.275,26.8
2026-10-08T09:30:34.750Z,26.788853,75.832317,0.194,0.349,9.143,26.7
2026-10-08T09:30:34.800Z,26.788856,75.832320,0.041,-0.346,9.698,26.7
2026-10-08T09:30:34.850Z,26.788859,75.832323,0.061,0.024,10.223,26.7
2026-10-08T09:30:34.900Z,26.788861,75.832327,-0.495,-0.209,9.366,26.6
2026-10-08T09:30:34.950Z,26.788864,75.832330,-0.410,0.251,9.865,26.6
2026-10-08T09:30:35.000Z,26.788867,75.832333,0.389,0.296,9.830,26.6
2026-10-08T09:30:35.050Z,26.788869,75.832337,-0.242,0.248,9.603,26.5
2026-10-08T09:30:35.100Z,26.788872,75.832340,-0.300,-0.288,9.847,26.5
2026-10-08T09:30:35.150Z,26.788875,75.832343,0.316,0.013,10.177,26.5
2026-10-08T09:30:35.200Z,26.788877,75.832347,0.023,-0.107,10.626,26.4
2026-10-08T09:30:35.250Z,26.788880,75.832350,0.455,0.049,9.560,26.4
2026-10-08T09:30:35.300Z,26.788883,75.832353,-0.402,0.100,9.733,26.4
2026-10-08T09:30:35.350Z,26.788885,75.832357,0.117,0.081,9.941,26.3
2026-10-08T09:30:35.400Z,26.788888,75.832360,0.286,0.079,9.593,26.3
2026-10-08T09:30:35.450Z,26.788891,75.832363,-0.193,0.146,9.488,26.3
2026-10-08T09:30:35.500Z,26.788893,75.832367,0.180,0.179,9.797,26.2
2026-10-08T09:30:35.550Z,26.788896,75.832370,-0.195,-0.444,9.473,26.2
2026-10-08T09:30:35.600Z,26.788899,75.832373,-0.406,0.007,9.677,26.2
2026-10-08T09:30:35.650Z,26.788901,75.832377,-0.230,0.218,9.849,26.2
2026-10-08T09:30:35.700Z,26.788904,75.832380,0.012,0.140,10.121,26.1
2026-10-08T09:30:35.750Z,26.788907,75.832383,-0.401,0.177,9.267,26.1
2026-10-08T09:30:35.800Z,26.788909,75.832387,-0.199,0.253,10.017,26.1
2026-10-08T09:30:35.850Z,26.788912,75.832390,0.166,0.046,10.234,26.0
2026-10-08T09:30:35.900Z,26.788915,75.832393,-0.385,-0.076,9.824,26.0
2026-10-08T09:30:35.950Z,26.788917,75.832397,0.509,0.257,10.122,26.0
2026-10-08T09:30:36.000Z,26.788920,75.832400,-0.190,0.562,9.952,25.9
2026-10-08T09:30:36.050Z,26.788923,75.832403,-0.251,0.586,9.382,25.9
2026-10-08T09:30:36.100Z,26.788925,75.832407,-0.217,-0.059,9.516,25.9
2026-10-08T09:30:36.150Z,26.788928,75.832410,0.132,0.069,9.844,25.9
2026-10-08T09:30:36.200Z,26.788931,75.832413,0.473,-0.408,10.220,25.8
2026-10-08T09:30:36.250Z,26.788933,75.832417,-0.206,0.366,10.382,25.8
2026-10-08T09:30:36.300Z,26.788936,75.832420,0.575,-0.048,9.461,25.8
2026-10-08T09:30:36.350Z,26.788939,75.832423,0.082,-0.013,9.281,25.7
2026-10-08T09:30:36.400Z,26.788941,75.832427,0.184,-0.231,10.243,25.7
2026-10-08T09:30:36.450Z,26.788944,75.832430,0.241,-0.070,9.821,25.7
2026-10-08T09:30:36.500Z,26.788947,75.832433,-0.061,-0.114,10.739,25.7
2026-10-08T09:30:36.550Z,26.788949,75.832437,-0.234,0.014,10.107,25.6
2026-10-08T09:30:36.600Z,26.788952,75.832440,-0.096,-0.157,9.411,25.6
2026-10-08T09:30:36.650Z,26.788955,75.832443,0.298,0.178,9.951,25.6
2026-10-08T09:30:36.700Z,26.788957,75.832447,-0.377,0.126,9.896,25.6
2026-10-08T09:30:36.750Z,26.788960,75.832450,-0.085,-0.344,9.793,25.5
2026-10-08T09:30:36.800Z,26.788963,75.832453,-0.218,0.020,9.829,25.5
2026-10-08T09:30:36.850Z,26.788965,75.832457,-0.085,0.221,9.790,25.5
2026-10-08T09:30:36.900Z,26.788968,75.832460,0.132,0.105,10.112,25.5
2026-10-08T09:30:36.950Z,26.788971,75.832463,-0.241,-0.086,10.087,25.4
2026-10-08T09:30:37.000Z,26.788973,75.832467,0.038,0.281,10.034,25.4
2026-10-08T09:30:37.050Z,26.788976,75.832470,-0.111,0.220,9.733,25.4
2026-10-08T09:30:37.100Z,26.788979,75.832473,0.239,0.463,10.137,25.4
2026-10-08T09:30:37.150Z,26.788981,75.832477,0.572,-0.388,9.645,25.3
2026-10-08T09:30:37.200Z,26.788984,75.832480,-0.067,-0.100,9.922,25.3
2026-10-08T09:30:37.250Z,26.788987,75.832483,-0.092,0.277,10.105,25.3
2026-10-08T09:30:37.300Z,26.788989,75.832487,0.103,-0.253,9.974,25.3
2026-10-08T09:30:37.350Z,26.788992,75.832490,0.169,0.088,9.819,25.2
2026-10-08T09:30:37.400Z,26.788995,75.832493,0.350,-0.137,9.700,25.2
2026-10-08T09:30:37.450Z,26.788997,75.832497,0.167,0.133,10.066,25.2
2026-10-08T09:30:37.500Z,26.789000,75.832500,-0.071,-0.329,9.439,25.2
2026-10-08T09:30:37.550Z,26.789003,75.832503,-0.108,0.198,10.048,25.1
2026-10-08T09:30:37.600Z,26.789005,75.832507,-0.454,0.133,9.784,25.1
2026-10-08T09:30:37.650Z,26.789008,75.832510,-0.261,0.548,9.889,25.1
2026-10-08T09:30:37.700Z,26.789011,75.832513,0.207,0.642,9.636,25.1
2026-10-08T09:30:37.750Z,26.789013,75.832517,-0.099,0.372,9.418,25.0
2026-10-08T09:30:37.800Z,26.789016,75.832520,0.018,0.012,10.101,25.0
2026-10-08T09:30:37.850Z,26.789019,75.832523,0.101,-0.228,10.102,25.0
2026-10-08T09:30:37.900Z,26.789021,75.832527,0.211,-0.263,9.604,25.0
2026-10-08T09:30:37.950Z,26.789024,75.832530,-0.131,-0.287,10.129,25.0
2026-10-08T09:30:38.000Z,26.789027,75.832533,-0.081,-0.069,9.499,24.9
2026-10-08T09:30:38.050Z,26.789029,75.832537,-0.099,0.371,10.034,24.9
2026-10-08T09:30:38.100Z,26.789032,75.832540,-0.404,-0.247,10.001,24.9
2026-10-08T09:30:38.150Z,26.789035,75.832543,-0.125,-0.138,9.552,24.9
2026-10-08T09:30:38.200Z,26.789037,75.832547,-0.333,0.024,9.696,24.9
2026-10-08T09:30:38.250Z,26.789040,75.832550,0.285,-0.017,9.520,24.8
2026-10-08T09:30:38.300Z,26.789043,75.832553,0.173,0.337,9.589,24.8
2026-10-08T09:30:38.350Z,26.789045,75.832557,-0.426,-0.120,9.405,24.8
2026-10-08T09:30:38.400Z,26.789048,75.832560,0.410,-0.347,9.712,24.8
2026-10-08T09:30:38.450Z,26.789051,75.832563,0.368,0.218,9.656,24.8
2026-10-08T09:30:38.500Z,26.789053,75.832567,-0.196,-0.045,9.738,24.7
2026-10-08T09:30:38.550Z,26.789056,75.832570,0.374,-0.039,9.405,24.7
2026-10-08T09:30:38.600Z,26.789059,75.832573,0.246,0.259,9.742,24.7
2026-10-08T09:30:38.650Z,26.789061,75.832577,0.193,0.013,9.448,24.7
2026-10-08T09:30:38.700Z,26.789064,75.832580,-0.020,-0.286,9.620,24.7
2026-10-08T09:30:38.750Z,26.789067,75.832583,-0.235,0.083,9.866,24.7
2026-10-08T09:30:38.800Z,26.789069,75.832587,-0.330,-0.230,9.809,24.6
2026-10-08T09:30:38.850Z,26.789072,75.832590,0.116,0.018,9.148,24.6
2026-10-08T09:30:38.900Z,26.789075,75.832593,0.322,0.443,10.285,24.6
2026-10-08T09:30:38.950Z,26.789077,75.832597,0.136,0.168,9.614,24.6
2026-10-08T09:30:39.000Z,26.789080,75.832600,0.047,-0.283,9.847,24.6
2026-10-08T09:30:39.050Z,26.789083,75.832603,-0.357,0.146,9.704,24.6
2026-10-08T09:30:39.100Z,26.789085,75.832607,0.192,0.046,9.672,24.5
2026-10-08T09:30:39.150Z,26.789088,75.832610,0.211,-0.293,9.731,24.5
2026-10-08T09:30:39.200Z,26.789091,75.832613,-0.134,0.186,9.787,24.5
2026-10-08T09:30:39.250Z,26.789093,75.832617,0.068,0.131,9.106,24.5
2026-10-08T09:30:39.300Z,26.789096,75.832620,-0.232,0.029,10.114,24.5
2026-10-08T09:30:39.350Z,26.789099,75.832623,0.143,0.328,9.744,24.5
2026-10-08T09:30:39.400Z,26.789101,75.832627,0.025,-0.125,9.679,24.4
2026-10-08T09:30:39.450Z,26.789104,75.832630,-0.208,-0.136,9.753,24.4
2026-10-08T09:30:39.500Z,26.789107,75.832633,-0.163,0.007,9.264,24.4
2026-10-08T09:30:39.550Z,26.789109,75.832637,0.107,0.044,9.944,24.4
2026-10-08T09:30:39.600Z,26.789112,75.832640,-0.116,-0.127,10.105,24.4
2026-10-08T09:30:39.650Z,26.789115,75.832643,-0.039,0.497,9.388,24.4
2026-10-08T09:30:39.700Z,26.789117,75.832647,-0.062,-0.282,9.574,24.4
2026-10-08T09:30:39.750Z,26.789120,75.832650,-0.197,-0.120,10.045,24.3
2026-10-08T09:30:39.800Z,26.789123,75.832653,-0.286,0.153,9.378,24.3
2026-10-08T09:30:39.850Z,26.789125,75.832657,-0.101,0.330,9.949,24.3
2026-10-08T09:30:39.900Z,26.789128,75.832660,0.068,0.158,9.983,24.3
2026-10-08T09:30:39.950Z,26.789131,75.832663,0.157,0.351,9.498,24.3
2026-10-08T09:30:40.000Z,26.789133,75.832667,-0.018,0.159,10.035,24.3
2026-10-08T09:30:40.050Z,26.789136,75.832670,0.140,0.327,9.660,24.3
2026-10-08T09:30:40.100Z,26.789139,75.832673,-0.337,0.318,9.810,24.3
2026-10-08T09:30:40.150Z,26.789141,75.832677,-0.137,0.009,9.680,24.3
2026-10-08T09:30:40.200Z,26.789144,75.832680,0.252,0.223,9.904,24.2
2026-10-08T09:30:40.250Z,26.789147,75.832683,0.135,0.008,10.118,24.2
2026-10-08T09:30:40.300Z,26.789149,75.832687,-0.591,-0.292,9.798,24.2
2026-10-08T09:30:40.350Z,26.789152,75.832690,-0.103,-0.238,9.996,24.2
2026-10-08T09:30:40.400Z,26.789155,75.832693,-0.245,0.054,9.847,24.2
2026-10-08T09:30:40.450Z,26.789157,75.832697,0.014,-0.207,9.752,24.2
2026-10-08T09:30:40.500Z,26.789160,75.832700,0.307,0.136,10.099,24.2
2026-10-08T09:30:40.550Z,26.789163,75.832703,-0.020,-0.426,9.670,24.2
2026-10-08T09:30:40.600Z,26.789165,75.832707,-0.038,0.325,10.151,24.2
2026-10-08T09:30:40.650Z,26.789168,75.832710,0.106,-0.214,9.849,24.2
2026-10-08T09:30:40.700Z,26.789171,75.832713,-0.065,-0.061,9.440,24.1
2026-10-08T09:30:40.750Z,26.789173,75.832717,0.116,-0.007,10.051,24.1
2026-10-08T09:30:40.800Z,26.789176,75.832720,-0.365,-0.282,10.904,24.1
2026-10-08T09:30:40.850Z,26.789179,75.832723,-0.220,0.072,9.941,24.1
2026-10-08T09:30:40.900Z,26.789181,75.832727,-0.246,0.432,9.790,24.1
2026-10-08T09:30:40.950Z,26.789184,75.832730,0.037,0.455,9.573,24.1
2026-10-08T09:30:41.000Z,26.789187,75.832733,0.099,-0.086,11.810,24.1
2026-10-08T09:30:41.050Z,26.789189,75.832737,0.811,0.046,11.810,24.1
2026-10-08T09:30:41.100Z,26.789192,75.832740,-0.473,-0.060,8.610,24.1
2026-10-08T09:30:41.150Z,26.789195,75.832743,1.810,-0.048,8.610,24.1
2026-10-08T09:30:41.200Z,26.789197,75.832747,-0.566,-0.048,9.689,24.1
2026-10-08T09:30:41.250Z,26.789200,75.832750,0.427,-0.102,10.629,24.1
2026-10-08T09:30:41.300Z,26.789203,75.832753,-0.382,0.087,9.694,24.1
2026-10-08T09:30:41.350Z,26.789205,75.832757,0.126,-0.141,9.675,24.1
2026-10-08T09:30:41.400Z,26.789208,75.832760,-0.456,0.027,9.361,24.1
2026-10-08T09:30:41.450Z,26.789211,75.832763,-0.327,0.022,9.774,24.0
2026-10-08T09:30:41.500Z,26.789213,75.832767,0.257,-0.338,9.936,24.0
2026-10-08T09:30:41.550Z,26.789216,75.832770,0.081,-0.076,9.569,24.0
2026-10-08T09:30:41.600Z,26.789219,75.832773,-0.020,0.221,9.698,24.0
2026-10-08T09:30:41.650Z,26.789221,75.832777,0.212,-0.068,10.327,24.0
2026-10-08T09:30:41.700Z,26.789224,75.832780,0.007,-0.044,9.327,24.0
2026-10-08T09:30:41.750Z,26.789227,75.832783,-0.357,0.095,9.742,24.0
2026-10-08T09:30:41.800Z,26.789229,75.832787,0.070,-0.171,9.765,24.0
2026-10-08T09:30:41.850Z,26.789232,75.832790,-0.156,0.074,9.745,24.0
2026-10-08T09:30:41.900Z,26.789235,75.832793,0.466,-0.172,10.146,24.0
2026-10-08T09:30:41.950Z,26.789237,75.832797,-0.264,-0.116,9.558,24.0
2026-10-08T09:30:42.000Z,26.789240,75.832800,0.315,0.109,9.851,24.0
2026-10-08T09:30:42.050Z,26.789243,75.832803,0.059,-0.271,10.231,24.0
2026-10-08T09:30:42.100Z,26.789245,75.832807,0.347,-0.009,9.814,24.0
2026-10-08T09:30:42.150Z,26.789248,75.832810,0.162,-0.044,9.750,24.0
2026-10-08T09:30:42.200Z,26.789251,75.832813,-0.123,-0.086,9.667,24.0
2026-10-08T09:30:42.250Z,26.789253,75.832817,0.182,-0.082,9.681,24.0
2026-10-08T09:30:42.300Z,26.789256,75.832820,-0.157,-0.375,10.278,24.0
2026-10-08T09:30:42.350Z,26.789259,75.832823,0.127,0.217,9.651,24.0
2026-10-08T09:30:42.400Z,26.789261,75.832827,0.364,0.036,10.246,24.0
2026-10-08T09:30:42.450Z,26.789264,75.832830,-0.003,-0.011,9.652,24.0
2026-10-08T09:30:42.500Z,26.789267,75.832833,0.019,0.056,10.258,24.0
2026-10-08T09:30:42.550Z,26.789269,75.832837,0.385,0.022,10.176,24.0
2026-10-08T09:30:42.600Z,26.789272,75.832840,-0.679,-0.118,9.885,24.0
2026-10-08T09:30:42.650Z,26.789275,75.832843,0.222,0.106,9.793,24.0
2026-10-08T09:30:42.700Z,26.789277,75.832847,-0.115,-0.200,10.381,24.0
2026-10-08T09:30:42.750Z,26.789280,75.832850,0.281,0.327,9.813,24.0
2026-10-08T09:30:42.800Z,26.789283,75.832853,-0.134,0.139,9.803,24.0
2026-10-08T09:30:42.850Z,26.789285,75.832857,-0.032,-0.006,9.620,24.0
2026-10-08T09:30:42.900Z,26.789288,75.832860,-0.218,-0.061,9.394,24.0
2026-10-08T09:30:42.950Z,26.789291,75.832863,0.150,0.210,9.579,24.0
2026-10-08T09:30:43.000Z,26.789293,75.832867,-0.457,0.098,9.882,24.0
2026-10-08T09:30:43.050Z,26.789296,75.832870,0.005,-0.334,9.235,24.0
2026-10-08T09:30:43.100Z,26.789299,75.832873,0.428,-0.054,9.961,24.0
2026-10-08T09:30:43.150Z,26.789301,75.832877,-0.018,0.103,9.427,24.0
2026-10-08T09:30:43.200Z,26.789304,75.832880,-0.111,-0.339,9.484,24.0
2026-10-08T09:30:43.250Z,26.789307,75.832883,-0.177,-0.452,9.672,24.0
2026-10-08T09:30:43.300Z,26.789309,75.832887,-0.178,-0.297,9.770,24.0
2026-10-08T09:30:43.350Z,26.789312,75.832890,-0.003,-0.209,10.414,24.0
2026-10-08T09:30:43.400Z,26.789315,75.832893,0.180,0.280,9.711,24.0
2026-10-08T09:30:43.450Z,26.789317,75.832897,0.223,0.191,9.504,24.1
2026-10-08T09:30:43.500Z,26.789320,75.832900,-0.171,0.729,9.687,24.1
2026-10-08T09:30:43.550Z,26.789323,75.832903,0.122,-0.054,10.059,24.1
2026-10-08T09:30:43.600Z,26.789325,75.832907,-0.249,-0.251,10.150,24.1
2026-10-08T09:30:43.650Z,26.789328,75.832910,0.050,-0.619,9.817,24.1
2026-10-08T09:30:43.700Z,26.789331,75.832913,-0.045,0.178,9.906,24.1
2026-10-08T09:30:43.750Z,26.789333,75.832917,0.086,0.022,9.897,24.1
2026-10-08T09:30:43.800Z,26.789336,75.832920,-0.288,-0.204,9.554,24.1
2026-10-08T09:30:43.850Z,26.789339,75.832923,-0.335,0.197,10.133,24.1
2026-10-08T09:30:43.900Z,26.789341,75.832927,0.153,-0.150,9.649,24.1
2026-10-08T09:30:43.950Z,26.789344,75.832930,-0.110,0.278,9.968,24.1
2026-10-08T09:30:44.000Z,26.789347,75.832933,0.435,-0.242,9.742,24.1
2026-10-08T09:30:44.050Z,26.789349,75.832937,-0.315,-0.354,9.763,24.1
2026-10-08T09:30:44.100Z,26.789352,75.832940,-0.084,-0.128,9.350,24.1
2026-10-08T09:30:44.150Z,26.789355,75.832943,0.049,-0.071,10.084,24.1
2026-10-08T09:30:44.200Z,26.789357,75.832947,0.138,-0.328,9.929,24.2
2026-10-08T09:30:44.250Z,26.789360,75.832950,-0.150,0.383,9.801,24.2
2026-10-08T09:30:44.300Z,26.789363,75.832953,-0.126,-0.102,9.360,24.2
2026-10-08T09:30:44.350Z,26.789365,75.832957,0.319,0.530,9.291,24.2
2026-10-08T09:30:44.400Z,26.789368,75.832960,-0.063,-0.028,9.632,24.2
2026-10-08T09:30:44.450Z,26.789371,75.832963,0.304,0.312,9.736,24.2
2026-10-08T09:30:44.500Z,26.789373,75.832967,0.518,0.008,9.737,24.2
2026-10-08T09:30:44.550Z,26.789376,75.832970,0.070,-0.187,10.246,24.2
2026-10-08T09:30:44.600Z,26.789379,75.832973,0.154,-0.089,9.754,24.2
2026-10-08T09:30:44.650Z,26.789381,75.832977,-0.227,0.066,9.422,24.2
2026-10-08T09:30:44.700Z,26.789384,75.832980,0.001,-0.129,9.980,24.3
2026-10-08T09:30:44.750Z,26.789387,75.832983,0.261,0.197,9.773,24.3
2026-10-08T09:30:44.800Z,26.789389,75.832987,-0.177,-0.075,9.805,24.3
2026-10-08T09:30:44.850Z,26.789392,75.832990,0.122,-0.142,9.520,24.3
2026-10-08T09:30:44.900Z,26.789395,75.832993,0.043,0.340,10.372,24.3
2026-10-08T09:30:44.950Z,26.789397,75.832997,0.198,-0.248,10.233,24.3
2026-10-08T09:30:45.000Z,26.789400,75.833000,-0.211,-0.193,9.938,24.3
2026-10-08T09:30:45.050Z,26.789403,75.833003,-0.345,0.200,9.794,24.3
2026-10-08T09:30:45.100Z,26.789405,75.833007,0.100,-0.206,10.064,24.4
2026-10-08T09:30:45.150Z,26.789408,75.833010,0.128,-0.091,10.094,24.4
2026-10-08T09:30:45.200Z,26.789411,75.833013,-0.665,0.091,9.778,24.4
2026-10-08T09:30:45.250Z,26.789413,75.833017,-0.199,0.044,9.960,24.4
2026-10-08T09:30:45.300Z,26.789416,75.833020,-0.184,-0.030,9.798,24.4
2026-10-08T09:30:45.350Z,26.789419,75.833023,0.098,0.307,9.671,24.4
2026-10-08T09:30:45.400Z,26.789421,75.833027,0.329,-0.326,9.900,24.4
2026-10-08T09:30:45.450Z,26.789424,75.833030,-0.430,0.018,10.027,24.5
2026-10-08T09:30:45.500Z,26.789427,75.833033,0.506,0.012,9.586,24.5
2026-10-08T09:30:45.550Z,26.789429,75.833037,0.257,0.010,9.840,24.5
2026-10-08T09:30:45.600Z,26.789432,75.833040,0.229,0.273,9.290,24.5
2026-10-08T09:30:45.650Z,26.789435,75.833043,0.013,-0.004,9.489,24.5
2026-10-08T09:30:45.700Z,26.789437,75.833047,-0.406,-0.017,9.671,24.5
2026-10-08T09:30:45.750Z,26.789440,75.833050,-0.181,-0.034,9.705,24.5
2026-10-08T09:30:45.800Z,26.789443,75.833053,0.004,0.394,9.801,24.6
2026-10-08T09:30:45.850Z,26.789445,75.833057,0.470,0.311,10.100,24.6
2026-10-08T09:30:45.900Z,26.789448,75.833060,-0.182,-0.073,9.534,24.6
2026-10-08T09:30:45.950Z,26.789451,75.833063,0.104,-0.017,9.943,24.6
2026-10-08T09:30:46.000Z,26.789453,75.833067,0.076,0.042,9.703,24.6
2026-10-08T09:30:46.050Z,26.789456,75.833070,-0.243,-0.110,10.025,24.6
2026-10-08T09:30:46.100Z,26.789459,75.833073,-0.041,-0.015,10.070,24.7
2026-10-08T09:30:46.150Z,26.789461,75.833077,0.122,-0.369,9.786,24.7
2026-10-08T09:30:46.200Z,26.789464,75.833080,-0.218,-0.014,9.927,24.7
2026-10-08T09:30:46.250Z,26.789467,75.833083,0.127,0.416,9.660,24.7
2026-10-08T09:30:46.300Z,26.789469,75.833087,-0.074,0.144,10.099,24.7
2026-10-08T09:30:46.350Z,26.789472,75.833090,-0.258,0.172,10.010,24.8
2026-10-08T09:30:46.400Z,26.789475,75.833093,-0.038,-0.070,10.030,24.8
2026-10-08T09:30:46.450Z,26.789477,75.833097,0.107,0.100,9.590,24.8
2026-10-08T09:30:46.500Z,26.789480,75.833100,-0.431,-0.024,9.729,24.8
2026-10-08T09:30:46.550Z,26.789483,75.833103,0.115,-0.191,10.000,24.8
2026-10-08T09:30:46.600Z,26.789485,75.833107,0.102,-0.185,10.094,24.9
2026-10-08T09:30:46.650Z,26.789488,75.833110,-0.086,-0.174,9.885,24.9
2026-10-08T09:30:46.700Z,26.789491,75.833113,-0.004,-0.226,9.996,24.9
2026-10-08T09:30:46.750Z,26.789493,75.833117,-0.002,-0.190,9.284,24.9
2026-10-08T09:30:46.800Z,26.789496,75.833120,0.107,0.025,9.846,24.9
2026-10-08T09:30:46.850Z,26.789499,75.833123,0.344,-0.623,10.191,25.0
2026-10-08T09:30:46.900Z,26.789501,75.833127,0.341,-0.245,10.114,25.0
2026-10-08T09:30:46.950Z,26.789504,75.833130,-0.203,-0.261,9.780,25.0
2026-10-08T09:30:47.000Z,26.789507,75.833133,0.457,0.090,9.825,25.0
2026-10-08T09:30:47.050Z,26.789509,75.833137,0.221,-0.156,10.259,25.0
2026-10-08T09:30:47.100Z,26.789512,75.833140,0.393,0.107,9.574,25.1
2026-10-08T09:30:47.150Z,26.789515,75.833143,0.268,0.074,10.003,25.1
2026-10-08T09:30:47.200Z,26.789517,75.833147,0.284,0.109,9.539,25.1
2026-10-08T09:30:47.250Z,26.789520,75.833150,0.373,0.070,9.907,25.1
2026-10-08T09:30:47.300Z,26.789523,75.833153,0.154,0.078,10.034,25.2
2026-10-08T09:30:47.350Z,26.789525,75.833157,0.049,-0.044,9.645,25.2
2026-10-08T09:30:47.400Z,26.789528,75.833160,-0.128,-0.072,10.107,25.2
2026-10-08T09:30:47.450Z,26.789531,75.833163,-0.084,-0.028,9.780,25.2
2026-10-08T09:30:47.500Z,26.789533,75.833167,0.133,0.162,10.402,25.2
2026-10-08T09:30:47.550Z,26.789536,75.833170,-0.348,-0.057,9.982,25.3
2026-10-08T09:30:47.600Z,26.789539,75.833173,-0.421,0.435,9.775,25.3
2026-10-08T09:30:47.650Z,26.789541,75.833177,-0.198,0.243,9.151,25.3
2026-10-08T09:30:47.700Z,26.789544,75.833180,0.053,-0.248,9.806,25.3
2026-10-08T09:30:47.750Z,26.789547,75.833183,0.094,0.198,9.933,25.4
2026-10-08T09:30:47.800Z,26.789549,75.833187,0.522,0.015,9.707,25.4
2026-10-08T09:30:47.850Z,26.789552,75.833190,0.307,-0.016,9.935,25.4
2026-10-08T09:30:47.900Z,26.789555,75.833193,-0.984,0.113,9.788,25.4
2026-10-08T09:30:47.950Z,26.789557,75.833197,-0.109,-0.164,10.081,25.5
2026-10-08T09:30:48.000Z,26.789560,75.833200,-0.510,0.787,10.156,25.5
2026-10-08T09:30:48.050Z,26.789563,75.833203,0.092,0.475,9.892,25.5
2026-10-08T09:30:48.100Z,26.789565,75.833207,-0.224,0.257,9.319,25.5
2026-10-08T09:30:48.150Z,26.789568,75.833210,0.150,0.300,9.970,25.6
2026-10-08T09:30:48.200Z,26.789571,75.833213,-0.363,0.051,9.773,25.6
2026-10-08T09:30:48.250Z,26.789573,75.833217,-0.186,-0.578,9.454,25.6
2026-10-08T09:30:48.300Z,26.789576,75.833220,-0.125,0.281,10.636,25.7
2026-10-08T09:30:48.350Z,26.789579,75.833223,0.214,-0.197,9.684,25.7
2026-10-08T09:30:48.400Z,26.789581,75.833227,0.271,0.153,9.927,25.7
2026-10-08T09:30:48.450Z,26.789584,75.833230,0.060,0.300,10.481,25.7
2026-10-08T09:30:48.500Z,26.789587,75.833233,0.002,0.040,9.961,25.8
2026-10-08T09:30:48.550Z,26.789589,75.833237,-0.116,-0.548,9.958,25.8
2026-10-08T09:30:48.600Z,26.789592,75.833240,-0.183,0.329,9.865,25.8
2026-10-08T09:30:48.650Z,26.789595,75.833243,0.374,-0.214,10.149,25.8
2026-10-08T09:30:48.700Z,26.789597,75.833247,-0.408,0.234,9.739,25.9
2026-10-08T09:30:48.750Z,26.789600,75.833250,0.234,-0.090,10.015,25.9
2026-10-08T09:30:48.800Z,26.789603,75.833253,0.126,0.096,9.943,25.9
2026-10-08T09:30:48.850Z,26.789605,75.833257,0.420,-0.140,10.231,26.0
2026-10-08T09:30:48.900Z,26.789608,75.833260,-0.089,0.302,10.512,26.0
2026-10-08T09:30:48.950Z,26.789611,75.833263,-0.200,-0.539,9.859,26.0
2026-10-08T09:30:49.000Z,26.789613,75.833267,-0.173,-0.132,9.711,26.0
2026-10-08T09:30:49.050Z,26.789616,75.833270,-0.133,0.358,10.148,26.1
2026-10-08T09:30:49.100Z,26.789619,75.833273,0.290,0.578,9.579,26.1
2026-10-08T09:30:49.150Z,26.789621,75.833277,-0.624,0.506,9.885,26.1
2026-10-08T09:30:49.200Z,26.789624,75.833280,-0.014,-0.451,9.404,26.2
2026-10-08T09:30:49.250Z,26.789627,75.833283,0.173,-0.036,9.164,26.2
2026-10-08T09:30:49.300Z,26.789629,75.833287,-0.235,0.262,10.194,26.2
2026-10-08T09:30:49.350Z,26.789632,75.833290,0.054,0.708,10.118,26.3
2026-10-08T09:30:49.400Z,26.789635,75.833293,0.453,0.333,10.059,26.3
2026-10-08T09:30:49.450Z,26.789637,75.833297,-0.335,-0.400,9.588,26.3
2026-10-08T09:30:49.500Z,26.789640,75.833300,0.065,0.000,9.922,26.4
2026-10-08T09:30:49.550Z,26.789643,75.833303,-0.005,0.119,10.106,26.4
2026-10-08T09:30:49.600Z,26.789645,75.833307,0.002,-0.072,9.024,26.4
2026-10-08T09:30:49.650Z,26.789648,75.833310,0.218,-0.193,9.537,26.5
2026-10-08T09:30:49.700Z,26.789651,75.833313,0.217,0.230,10.014,26.5
2026-10-08T09:30:49.750Z,26.789653,75.833317,0.238,-0.274,9.741,26.5
2026-10-08T09:30:49.800Z,26.789656,75.833320,-0.138,0.432,10.069,26.5
2026-10-08T09:30:49.850Z,26.789659,75.833323,-0.061,0.210,9.922,26.6
2026-10-08T09:30:49.900Z,26.789661,75.833327,-0.029,0.117,10.065,26.6
2026-10-08T09:30:49.950Z,26.789664,75.833330,-0.036,-0.313,9.916,26.6
2026-10-08T09:30:50.000Z,26.789667,75.833333,-0.066,-0.286,9.580,26.7
2026-10-08T09:30:50.050Z,26.789669,75.833337,-0.062,0.007,9.979,26.7
2026-10-08T09:30:50.100Z,26.789672,75.833340,-0.053,0.112,9.698,26.7
2026-10-08T09:30:50.150Z,26.789675,75.833343,0.136,0.101,9.981,26.8
2026-10-08T09:30:50.200Z,26.789677,75.833347,0.359,-0.071,9.332,26.8
2026-10-08T09:30:50.250Z,26.789680,75.833350,-0.019,0.202,9.817,26.8
2026-10-08T09:30:50.300Z,26.789683,75.833353,0.080,-0.431,9.560,26.9
2026-10-08T09:30:50.350Z,26.789685,75.833357,0.135,0.194,9.585,26.9
2026-10-08T09:30:50.400Z,26.789688,75.833360,0.092,-0.178,9.464,26.9
2026-10-08T09:30:50.450Z,26.789691,75.833363,0.018,0.054,9.929,27.0
2026-10-08T09:30:50.500Z,26.789693,75.833367,0.183,0.419,10.095,27.0
2026-10-08T09:30:50.550Z,26.789696,75.833370,-0.090,0.235,9.370,27.1
2026-10-08T09:30:50.600Z,26.789699,75.833373,0.025,0.263,10.014,27.1
2026-10-08T09:30:50.650Z,26.789701,75.833377,0.207,0.478,9.588,27.1
2026-10-08T09:30:50.700Z,26.789704,75.833380,0.199,-0.023,10.144,27.2
2026-10-08T09:30:50.750Z,26.789707,75.833383,0.029,0.196,10.274,27.2
2026-10-08T09:30:50.800Z,26.789709,75.833387,0.158,-0.052,9.700,27.2
2026-10-08T09:30:50.850Z,26.789712,75.833390,-0.174,0.260,10.204,27.3
2026-10-08T09:30:50.900Z,26.789715,75.833393,-0.061,-0.452,9.620,27.3
2026-10-08T09:30:50.950Z,26.789717,75.833397,0.108,-0.237,9.222,27.3
2026-10-08T09:30:51.000Z,26.789720,75.833400,-0.111,-0.510,9.908,27.4
2026-10-08T09:30:51.050Z,26.789723,75.833403,-0.100,0.015,10.199,27.4
2026-10-08T09:30:51.100Z,26.789725,75.833407,-0.227,-0.537,9.801,27.4
2026-10-08T09:30:51.150Z,26.789728,75.833410,0.117,-0.357,9.699,27.5
2026-10-08T09:30:51.200Z,26.789731,75.833413,-0.087,0.007,9.625,27.5
2026-10-08T09:30:51.250Z,26.789733,75.833417,0.666,-0.066,9.866,27.6
2026-10-08T09:30:51.300Z,26.789736,75.833420,-0.121,-0.661,10.224,27.6
2026-10-08T09:30:51.350Z,26.789739,75.833423,-0.789,0.339,9.414,27.6
2026-10-08T09:30:51.400Z,26.789741,75.833427,-0.340,-0.027,10.469,27.7
2026-10-08T09:30:51.450Z,26.789744,75.833430,0.080,-0.048,9.580,27.7
2026-10-08T09:30:51.500Z,26.789747,75.833433,0.163,-0.093,10.024,27.7
2026-10-08T09:30:51.550Z,26.789749,75.833437,-0.491,0.132,9.905,27.8
2026-10-08T09:30:51.600Z,26.789752,75.833440,-0.340,-0.258,9.766,27.8
2026-10-08T09:30:51.650Z,26.789755,75.833443,-0.122,0.073,9.380,27.9
2026-10-08T09:30:51.700Z,26.789757,75.833447,-0.221,0.529,9.557,27.9
2026-10-08T09:30:51.750Z,26.789760,75.833450,-0.107,-0.044,9.726,27.9
2026-10-08T09:30:51.800Z,26.789763,75.833453,0.302,-0.143,10.066,28.0
2026-10-08T09:30:51.850Z,26.789765,75.833457,-0.214,0.193,9.746,28.0
2026-10-08T09:30:51.900Z,26.789768,75.833460,-0.044,-0.022,9.975,28.0
2026-10-08T09:30:51.950Z,26.789771,75.833463,-0.298,-0.243,10.421,28.1
2026-10-08T09:30:52.000Z,26.789773,75.833467,0.079,-0.090,14.210,28.1
2026-10-08T09:30:52.050Z,26.789776,75.833470,-0.284,0.040,14.210,28.2
2026-10-08T09:30:52.100Z,26.789779,75.833473,-0.314,-0.055,7.170,28.2
2026-10-08T09:30:52.150Z,26.789781,75.833477,0.747,0.091,7.170,28.2
2026-10-08T09:30:52.200Z,26.789784,75.833480,-0.044,0.091,9.599,28.3
2026-10-08T09:30:52.250Z,26.789787,75.833483,-0.312,0.180,9.889,28.3
2026-10-08T09:30:52.300Z,26.789789,75.833487,0.159,0.184,9.369,28.4
2026-10-08T09:30:52.350Z,26.789792,75.833490,0.030,-0.501,9.966,28.4
2026-10-08T09:30:52.400Z,26.789795,75.833493,-0.271,0.117,10.028,28.4
2026-10-08T09:30:52.450Z,26.789797,75.833497,-0.135,-0.006,10.177,28.5
2026-10-08T09:30:52.500Z,26.789800,75.833500,-0.413,0.161,9.846,28.5
2026-10-08T09:30:52.550Z,26.789803,75.833503,0.237,-0.413,9.811,28.6
2026-10-08T09:30:52.600Z,26.789805,75.833507,0.276,0.340,9.579,28.6
2026-10-08T09:30:52.650Z,26.789808,75.833510,-0.070,0.460,9.384,28.6
2026-10-08T09:30:52.700Z,26.789811,75.833513,-0.011,0.044,9.862,28.7
2026-10-08T09:30:52.750Z,26.789813,75.833517,-0.234,0.241,10.077,28.7
2026-10-08T09:30:52.800Z,26.789816,75.833520,0.454,-0.198,9.665,28.8
2026-10-08T09:30:52.850Z,26.789819,75.833523,0.274,0.454,9.807,28.8
2026-10-08T09:30:52.900Z,26.789821,75.833527,-0.382,-0.054,10.099,28.8
2026-10-08T09:30:52.950Z,26.789824,75.833530,0.170,0.278,10.387,28.9
2026-10-08T09:30:53.000Z,26.789827,75.833533,-0.108,-0.226,9.449,28.9
2026-10-08T09:30:53.050Z,26.789829,75.833537,-0.031,0.255,10.328,29.0
2026-10-08T09:30:53.100Z,26.789832,75.833540,0.055,0.004,9.770,29.0
2026-10-08T09:30:53.150Z,26.789835,75.833543,0.307,-0.191,9.779,29.1
2026-10-08T09:30:53.200Z,26.789837,75.833547,-0.019,-0.007,10.352,29.1
2026-10-08T09:30:53.250Z,26.789840,75.833550,-0.223,0.614,9.613,29.1
2026-10-08T09:30:53.300Z,26.789843,75.833553,-0.205,-0.165,10.005,29.2
2026-10-08T09:30:53.350Z,26.789845,75.833557,-0.004,0.280,9.563,29.2
2026-10-08T09:30:53.400Z,26.789848,75.833560,-0.418,-0.093,9.894,29.3
2026-10-08T09:30:53.450Z,26.789851,75.833563,-0.367,-0.027,9.971,29.3
2026-10-08T09:30:53.500Z,26.789853,75.833567,-0.202,-0.206,9.481,29.3
2026-10-08T09:30:53.550Z,26.789856,75.833570,-0.036,0.114,10.634,29.4
2026-10-08T09:30:53.600Z,26.789859,75.833573,0.291,-0.315,9.349,29.4
2026-10-08T09:30:53.650Z,26.789861,75.833577,-0.028,0.393,10.007,29.5
2026-10-08T09:30:53.700Z,26.789864,75.833580,-0.132,0.250,10.223,29.5
2026-10-08T09:30:53.750Z,26.789867,75.833583,0.365,-0.267,9.941,29.6
2026-10-08T09:30:53.800Z,26.789869,75.833587,-0.320,-0.201,9.426,29.6
2026-10-08T09:30:53.850Z,26.789872,75.833590,-0.065,-0.359,10.042,29.6
2026-10-08T09:30:53.900Z,26.789875,75.833593,-0.003,-0.216,9.956,29.7
2026-10-08T09:30:53.950Z,26.789877,75.833597,0.383,0.086,9.635,29.7
2026-10-08T09:30:54.000Z,26.789880,75.833600,-0.071,-0.026,9.600,29.8
2026-10-08T09:30:54.050Z,26.789883,75.833603,-0.428,-0.095,10.183,29.8
2026-10-08T09:30:54.100Z,26.789885,75.833607,-0.207,-0.483,9.783,29.9
2026-10-08T09:30:54.150Z,26.789888,75.833610,0.276,-0.431,9.867,29.9
2026-10-08T09:30:54.200Z,26.789891,75.833613,0.103,0.134,9.977,29.9
2026-10-08T09:30:54.250Z,26.789893,75.833617,0.152,-0.396,9.995,30.0
2026-10-08T09:30:54.300Z,26.789896,75.833620,0.344,-0.055,9.921,30.0
2026-10-08T09:30:54.350Z,26.789899,75.833623,-0.254,0.326,9.624,30.1
2026-10-08T09:30:54.400Z,26.789901,75.833627,0.412,-0.095,10.013,30.1
2026-10-08T09:30:54.450Z,26.789904,75.833630,-0.133,0.469,9.218,30.2
2026-10-08T09:30:54.500Z,26.789907,75.833633,0.092,-0.520,9.449,30.2
2026-10-08T09:30:54.550Z,26.789909,75.833637,0.473,0.227,9.207,30.2
2026-10-08T09:30:54.600Z,26.789912,75.833640,-0.002,-0.155,9.981,30.3
2026-10-08T09:30:54.650Z,26.789915,75.833643,0.463,0.163,9.940,30.3
2026-10-08T09:30:54.700Z,26.789917,75.833647,0.127,-0.273,10.020,30.4
2026-10-08T09:30:54.750Z,26.789920,75.833650,0.230,-0.153,9.617,30.4
2026-10-08T09:30:54.800Z,26.789923,75.833653,0.362,0.052,9.469,30.5
2026-10-08T09:30:54.850Z,26.789925,75.833657,-0.106,-0.114,9.791,30.5
2026-10-08T09:30:54.900Z,26.789928,75.833660,-0.018,-0.062,10.312,30.5
2026-10-08T09:30:54.950Z,26.789931,75.833663,0.208,0.371,9.302,30.6
2026-10-08T09:30:55.000Z,26.789933,75.833667,0.028,0.294,10.028,30.6
2026-10-08T09:30:55.050Z,26.789936,75.833670,-0.170,-0.189,10.098,30.7
2026-10-08T09:30:55.100Z,26.789939,75.833673,-0.053,0.162,9.857,30.7
2026-10-08T09:30:55.150Z,26.789941,75.833677,-0.029,0.030,9.561,30.8
2026-10-08T09:30:55.200Z,26.789944,75.833680,0.425,0.137,10.230,30.8
2026-10-08T09:30:55.250Z,26.789947,75.833683,-0.132,-0.135,9.714,30.8
2026-10-08T09:30:55.300Z,26.789949,75.833687,-0.215,0.170,10.024,30.9
2026-10-08T09:30:55.350Z,26.789952,75.833690,-0.128,-0.080,9.923,30.9
2026-10-08T09:30:55.400Z,26.789955,75.833693,-0.188,-0.102,10.278,31.0
2026-10-08T09:30:55.450Z,26.789957,75.833697,-0.187,-0.129,10.561,31.0
2026-10-08T09:30:55.500Z,26.789960,75.833700,-0.532,-0.296,10.349,31.1
2026-10-08T09:30:55.550Z,26.789963,75.833703,-0.102,0.125,10.446,31.1
2026-10-08T09:30:55.600Z,26.789965,75.833707,-0.179,-0.148,9.933,31.2
2026-10-08T09:30:55.650Z,26.789968,75.833710,-0.019,-0.131,9.770,31.2
2026-10-08T09:30:55.700Z,26.789971,75.833713,-0.332,0.116,10.060,31.2
2026-10-08T09:30:55.750Z,26.789973,75.833717,-0.040,-0.056,9.975,31.3
2026-10-08T09:30:55.800Z,26.789976,75.833720,-0.135,-0.077,9.789,31.3
2026-10-08T09:30:55.850Z,26.789979,75.833723,0.368,-0.012,9.776,31.4
2026-10-08T09:30:55.900Z,26.789981,75.833727,-0.041,-0.096,9.521,31.4
2026-10-08T09:30:55.950Z,26.789984,75.833730,-0.230,0.215,9.639,31.5
2026-10-08T09:30:56.000Z,26.789987,75.833733,0.023,-0.119,9.412,31.5
2026-10-08T09:30:56.050Z,26.789989,75.833737,-0.116,0.349,9.686,31.6
2026-10-08T09:30:56.100Z,26.789992,75.833740,-0.169,-0.107,9.710,31.6
2026-10-08T09:30:56.150Z,26.789995,75.833743,0.057,-0.103,9.781,31.6
2026-10-08T09:30:56.200Z,26.789997,75.833747,-0.123,0.089,9.903,31.7
2026-10-08T09:30:56.250Z,26.790000,75.833750,0.053,0.158,9.780,31.7
2026-10-08T09:30:56.300Z,26.790003,75.833753,0.303,0.117,10.256,31.8
2026-10-08T09:30:56.350Z,26.790005,75.833757,-0.020,0.068,9.605,31.8
2026-10-08T09:30:56.400Z,26.790008,75.833760,0.004,0.205,9.700,31.9
2026-10-08T09:30:56.450Z,26.790011,75.833763,0.373,0.006,10.285,31.9
2026-10-08T09:30:56.500Z,26.790013,75.833767,-0.262,-0.069,9.661,32.0
2026-10-08T09:30:56.550Z,26.790016,75.833770,0.253,0.161,9.787,32.0
2026-10-08T09:30:56.600Z,26.790019,75.833773,-0.114,-0.007,10.027,32.0
2026-10-08T09:30:56.650Z,26.790021,75.833777,0.209,-0.015,9.676,32.1
2026-10-08T09:30:56.700Z,26.790024,75.833780,0.026,0.032,9.886,32.1
2026-10-08T09:30:56.750Z,26.790027,75.833783,-0.113,0.435,9.621,32.2
2026-10-08T09:30:56.800Z,26.790029,75.833787,0.378,0.348,10.094,32.2
2026-10-08T09:30:56.850Z,26.790032,75.833790,0.469,0.139,9.715,32.3
2026-10-08T09:30:56.900Z,26.790035,75.833793,-0.131,-0.168,10.061,32.3
2026-10-08T09:30:56.950Z,26.790037,75.833797,-0.370,-0.356,10.270,32.4
2026-10-08T09:30:57.000Z,26.790040,75.833800,0.253,0.104,10.087,32.4
2026-10-08T09:30:57.050Z,26.790043,75.833803,0.194,-0.047,9.369,32.4
2026-10-08T09:30:57.100Z,26.790045,75.833807,0.321,0.112,9.397,32.5
2026-10-08T09:30:57.150Z,26.790048,75.833810,0.036,-0.117,9.775,32.5
2026-10-08T09:30:57.200Z,26.790051,75.833813,-0.082,0.138,9.747,32.6
2026-10-08T09:30:57.250Z,26.790053,75.833817,-0.289,0.168,9.956,32.6
2026-10-08T09:30:57.300Z,26.790056,75.833820,-0.356,0.102,10.076,32.7
2026-10-08T09:30:57.350Z,26.790059,75.833823,-0.038,0.047,9.581,32.7
2026-10-08T09:30:57.400Z,26.790061,75.833827,-0.438,0.130,9.784,32.8
2026-10-08T09:30:57.450Z,26.790064,75.833830,0.107,-0.059,9.732,32.8
2026-10-08T09:30:57.500Z,26.790067,75.833833,0.041,-0.016,10.070,32.8
2026-10-08T09:30:57.550Z,26.790069,75.833837,-0.106,-0.361,9.853,32.9
2026-10-08T09:30:57.600Z,26.790072,75.833840,-0.326,-0.633,9.481,32.9
2026-10-08T09:30:57.650Z,26.790075,75.833843,-0.110,-0.199,9.349,33.0
2026-10-08T09:30:57.700Z,26.790077,75.833847,-0.056,0.304,10.059,33.0
2026-10-08T09:30:57.750Z,26.790080,75.833850,0.002,0.230,9.678,33.1
2026-10-08T09:30:57.800Z,26.790083,75.833853,-0.220,0.170,9.485,33.1
2026-10-08T09:30:57.850Z,26.790085,75.833857,0.084,-0.006,9.701,33.2
2026-10-08T09:30:57.900Z,26.790088,75.833860,-0.115,0.284,9.333,33.2
2026-10-08T09:30:57.950Z,26.790091,75.833863,0.067,-0.072,9.588,33.2
2026-10-08T09:30:58.000Z,26.790093,75.833867,0.010,0.079,9.792,33.3
2026-10-08T09:30:58.050Z,26.790096,75.833870,0.061,0.354,9.630,33.3
2026-10-08T09:30:58.100Z,26.790099,75.833873,0.104,-0.435,9.947,33.4
2026-10-08T09:30:58.150Z,26.790101,75.833877,-0.467,0.158,9.667,33.4
2026-10-08T09:30:58.200Z,26.790104,75.833880,0.041,-0.364,9.817,33.5
2026-10-08T09:30:58.250Z,26.790107,75.833883,0.206,0.155,9.805,33.5
2026-10-08T09:30:58.300Z,26.790109,75.833887,-0.002,0.286,10.031,33.5
2026-10-08T09:30:58.350Z,26.790112,75.833890,-0.156,-0.145,9.606,33.6
2026-10-08T09:30:58.400Z,26.790115,75.833893,-0.009,-0.290,9.162,33.6
2026-10-08T09:30:58.450Z,26.790117,75.833897,-0.055,0.063,9.866,33.7
2026-10-08T09:30:58.500Z,26.790120,75.833900,0.271,-0.323,9.656,33.7
2026-10-08T09:30:58.550Z,26.790123,75.833903,-0.361,0.061,9.779,33.8
2026-10-08T09:30:58.600Z,26.790125,75.833907,-0.120,0.010,9.598,33.8
2026-10-08T09:30:58.650Z,26.790128,75.833910,-0.256,0.395,10.053,33.9
2026-10-08T09:30:58.700Z,26.790131,75.833913,-0.046,-0.385,9.746,33.9
2026-10-08T09:30:58.750Z,26.790133,75.833917,0.144,0.042,10.113,33.9
2026-10-08T09:30:58.800Z,26.790136,75.833920,0.307,-0.021,9.670,34.0
2026-10-08T09:30:58.850Z,26.790139,75.833923,-0.124,-0.103,10.081,34.0
2026-10-08T09:30:58.900Z,26.790141,75.833927,-0.106,-0.420,9.949,34.1
2026-10-08T09:30:58.950Z,26.790144,75.833930,-0.025,-0.117,9.221,34.1
2026-10-08T09:30:59.000Z,26.790147,75.833933,0.293,0.174,9.469,34.2
2026-10-08T09:30:59.050Z,26.790149,75.833937,0.038,-0.271,9.402,34.2
2026-10-08T09:30:59.100Z,26.790152,75.833940,-0.525,0.195,10.074,34.2
2026-10-08T09:30:59.150Z,26.790155,75.833943,-0.077,-0.015,10.336,34.3
2026-10-08T09:30:59.200Z,26.790157,75.833947,-0.189,-0.296,9.848,34.3
2026-10-08T09:30:59.250Z,26.790160,75.833950,0.137,-0.074,9.382,34.4
2026-10-08T09:30:59.300Z,26.790163,75.833953,-0.192,0.171,10.024,34.4
2026-10-08T09:30:59.350Z,26.790165,75.833957,-0.418,-0.306,9.514,34.5
2026-10-08T09:30:59.400Z,26.790168,75.833960,-0.006,0.552,9.724,34.5
2026-10-08T09:30:59.450Z,26.790171,75.833963,0.016,-0.199,10.586,34.5
2026-10-08T09:30:59.500Z,26.790173,75.833967,-0.150,-0.128,9.857,34.6
2026-10-08T09:30:59.550Z,26.790176,75.833970,-0.331,0.202,9.808,34.6
2026-10-08T09:30:59.600Z,26.790179,75.833973,-0.211,-0.149,9.242,34.7
2026-10-08T09:30:59.650Z,26.790181,75.833977,-0.139,-0.569,9.675,34.7
2026-10-08T09:30:59.700Z,26.790184,75.833980,-0.124,-0.147,9.635,34.7
2026-10-08T09:30:59.750Z,26.790187,75.833983,-0.210,0.309,10.242,34.8
2026-10-08T09:30:59.800Z,26.790189,75.833987,-0.042,0.286,9.718,34.8
2026-10-08T09:30:59.850Z,26.790192,75.833990,-0.076,-0.207,10.019,34.9
2026-10-08T09:30:59.900Z,26.790195,75.833993,0.155,-0.323,9.858,34.9
2026-10-08T09:30:59.950Z,26.790197,75.833997,-0.129,-0.225,9.802,35.0
2026-10-08T09:31:00.000Z,26.790200,75.834000,-0.480,-0.108,10.377,35.0
2026-10-08T09:31:00.050Z,26.790203,75.834003,0.109,-0.284,9.976,35.0
2026-10-08T09:31:00.100Z,26.790205,75.834007,0.022,-0.080,9.634,35.1
2026-10-08T09:31:00.150Z,26.790208,75.834010,0.000,-0.148,9.758,35.1
2026-10-08T09:31:00.200Z,26.790211,75.834013,0.185,0.204,9.421,35.2
2026-10-08T09:31:00.250Z,26.790213,75.834017,-0.117,0.402,10.349,35.2
2026-10-08T09:31:00.300Z,26.790216,75.834020,0.092,0.402,10.172,35.2
2026-10-08T09:31:00.350Z,26.790219,75.834023,-0.033,-0.499,9.792,35.3
2026-10-08T09:31:00.400Z,26.790221,75.834027,-0.321,0.034,10.334,35.3
2026-10-08T09:31:00.450Z,26.790224,75.834030,0.062,-0.196,9.459,35.4
2026-10-08T09:31:00.500Z,26.790227,75.834033,-0.491,-0.477,10.298,35.4
2026-10-08T09:31:00.550Z,26.790229,75.834037,0.214,-0.033,9.764,35.4
2026-10-08T09:31:00.600Z,26.790232,75.834040,-0.013,-0.003,10.228,35.5
2026-10-08T09:31:00.650Z,26.790235,75.834043,0.098,-0.496,10.128,35.5
2026-10-08T09:31:00.700Z,26.790237,75.834047,-0.482,-0.102,9.394,35.6
2026-10-08T09:31:00.750Z,26.790240,75.834050,0.010,-0.314,9.397,35.6
2026-10-08T09:31:00.800Z,26.790243,75.834053,-0.262,0.203,9.754,35.6
2026-10-08T09:31:00.850Z,26.790245,75.834057,0.167,0.340,9.882,35.7
2026-10-08T09:31:00.900Z,26.790248,75.834060,0.143,-0.242,9.785,35.7
2026-10-08T09:31:00.950Z,26.790251,75.834063,-0.287,0.138,10.082,35.8
2026-10-08T09:31:01.000Z,26.790253,75.834067,0.241,-0.007,10.079,35.8
2026-10-08T09:31:01.050Z,26.790256,75.834070,-0.036,-0.140,9.961,35.8
2026-10-08T09:31:01.100Z,26.790259,75.834073,0.181,0.551,10.029,35.9
2026-10-08T09:31:01.150Z,26.790261,75.834077,-0.275,-0.245,9.419,35.9
2026-10-08T09:31:01.200Z,26.790264,75.834080,0.019,-0.275,10.219,36.0
2026-10-08T09:31:01.250Z,26.790267,75.834083,-0.073,0.160,9.856,36.0
2026-10-08T09:31:01.300Z,26.790269,75.834087,0.086,-0.259,9.800,36.0
2026-10-08T09:31:01.350Z,26.790272,75.834090,-0.107,-0.025,9.847,36.1
2026-10-08T09:31:01.400Z,26.790275,75.834093,0.170,-0.116,10.057,36.1
2026-10-08T09:31:01.450Z,26.790277,75.834097,0.082,0.410,8.816,36.1
2026-10-08T09:31:01.500Z,26.790280,75.834100,-0.161,0.315,9.054,36.2
2026-10-08T09:31:01.550Z,26.790283,75.834103,0.371,0.021,9.197,36.2
2026-10-08T09:31:01.600Z,26.790285,75.834107,0.181,-0.263,9.536,36.3
2026-10-08T09:31:01.650Z,26.790288,75.834110,0.366,-0.097,9.522,36.3
2026-10-08T09:31:01.700Z,26.790291,75.834113,0.502,0.232,9.710,36.3
2026-10-08T09:31:01.750Z,26.790293,75.834117,-0.197,-0.051,10.283,36.4
2026-10-08T09:31:01.800Z,26.790296,75.834120,-0.246,-0.318,10.192,36.4
2026-10-08T09:31:01.850Z,26.790299,75.834123,-0.071,0.025,9.967,36.4
2026-10-08T09:31:01.900Z,26.790301,75.834127,-0.098,-0.606,9.746,36.5
2026-10-08T09:31:01.950Z,26.790304,75.834130,0.310,0.543,9.775,36.5
2026-10-08T09:31:02.000Z,26.790307,75.834133,-0.007,0.341,9.989,36.6
2026-10-08T09:31:02.050Z,26.790309,75.834137,0.074,-0.495,9.685,36.6
2026-10-08T09:31:02.100Z,26.790312,75.834140,0.054,-0.379,9.700,36.6
2026-10-08T09:31:02.150Z,26.790315,75.834143,0.427,-0.064,9.380,36.7
2026-10-08T09:31:02.200Z,26.790317,75.834147,-0.472,-0.003,9.637,36.7
2026-10-08T09:31:02.250Z,26.790320,75.834150,-0.217,0.057,9.895,36.7
2026-10-08T09:31:02.300Z,26.790323,75.834153,0.044,0.088,9.441,36.8
2026-10-08T09:31:02.350Z,26.790325,75.834157,-0.160,-0.082,9.794,36.8
2026-10-08T09:31:02.400Z,26.790328,75.834160,0.247,-0.182,9.577,36.8
2026-10-08T09:31:02.450Z,26.790331,75.834163,0.372,0.040,9.391,36.9
2026-10-08T09:31:02.500Z,26.790333,75.834167,-0.078,-0.309,9.469,36.9
2026-10-08T09:31:02.550Z,26.790336,75.834170,-0.334,-0.199,10.428,36.9
2026-10-08T09:31:02.600Z,26.790339,75.834173,0.253,0.345,10.136,37.0
2026-10-08T09:31:02.650Z,26.790341,75.834177,-0.034,0.101,9.841,37.0
2026-10-08T09:31:02.700Z,26.790344,75.834180,-0.267,-0.291,10.080,37.1
2026-10-08T09:31:02.750Z,26.790347,75.834183,-0.305,0.050,10.006,37.1
2026-10-08T09:31:02.800Z,26.790349,75.834187,0.188,0.092,9.450,37.1
2026-10-08T09:31:02.850Z,26.790352,75.834190,0.135,-0.035,9.517,37.2
2026-10-08T09:31:02.900Z,26.790355,75.834193,-0.497,0.113,9.344,37.2
2026-10-08T09:31:02.950Z,26.790357,75.834197,-0.427,0.437,9.450,37.2
2026-10-08T09:31:03.000Z,26.790360,75.834200,-0.920,0.018,15.910,37.3
2026-10-08T09:31:03.050Z,26.790363,75.834203,-0.196,0.201,15.910,37.3
2026-10-08T09:31:03.100Z,26.790365,75.834207,-1.124,-0.143,6.150,37.3
2026-10-08T09:31:03.150Z,26.790368,75.834210,0.029,0.094,6.150,37.4
2026-10-08T09:31:03.200Z,26.790371,75.834213,-0.142,0.187,10.299,37.4
2026-10-08T09:31:03.250Z,26.790373,75.834217,0.292,-0.391,10.689,37.4
2026-10-08T09:31:03.300Z,26.790376,75.834220,-0.331,-0.306,9.901,37.5
2026-10-08T09:31:03.350Z,26.790379,75.834223,-0.024,0.090,10.203,37.5
2026-10-08T09:31:03.400Z,26.790381,75.834227,0.233,-0.223,9.832,37.5
2026-10-08T09:31:03.450Z,26.790384,75.834230,0.253,0.263,10.147,37.6
2026-10-08T09:31:03.500Z,26.790387,75.834233,0.204,0.177,9.656,37.6
2026-10-08T09:31:03.550Z,26.790389,75.834237,-0.330,0.106,9.674,37.6
2026-10-08T09:31:03.600Z,26.790392,75.834240,0.311,-0.218,9.696,37.6
2026-10-08T09:31:03.650Z,26.790395,75.834243,-0.107,0.242,10.035,37.7
2026-10-08T09:31:03.700Z,26.790397,75.834247,0.006,0.073,10.294,37.7
2026-10-08T09:31:03.750Z,26.790400,75.834250,-0.441,0.187,10.134,37.7
2026-10-08T09:31:03.800Z,26.790403,75.834253,0.304,0.201,9.578,37.8
2026-10-08T09:31:03.850Z,26.790405,75.834257,-0.135,0.166,9.633,37.8
2026-10-08T09:31:03.900Z,26.790408,75.834260,-0.050,-0.376,9.452,37.8
2026-10-08T09:31:03.950Z,26.790411,75.834263,0.087,-0.107,9.582,37.9
2026-10-08T09:31:04.000Z,26.790413,75.834267,-0.047,0.075,9.732,37.9
2026-10-08T09:31:04.050Z,26.790416,75.834270,0.043,0.022,9.735,37.9
2026-10-08T09:31:04.100Z,26.790419,75.834273,-0.003,-0.222,9.660,38.0
2026-10-08T09:31:04.150Z,26.790421,75.834277,-0.459,-0.292,9.454,38.0
2026-10-08T09:31:04.200Z,26.790424,75.834280,-0.100,0.283,9.807,38.0
2026-10-08T09:31:04.250Z,26.790427,75.834283,0.038,-0.236,9.896,38.0
2026-10-08T09:31:04.300Z,26.790429,75.834287,0.424,-0.022,9.563,38.1
2026-10-08T09:31:04.350Z,26.790432,75.834290,-0.291,0.066,9.528,38.1
2026-10-08T09:31:04.400Z,26.790435,75.834293,0.178,-0.253,9.313,38.1
2026-10-08T09:31:04.450Z,26.790437,75.834297,0.120,-0.323,9.992,38.2
2026-10-08T09:31:04.500Z,26.790440,75.834300,0.259,-0.148,9.872,38.2
2026-10-08T09:31:04.550Z,26.790443,75.834303,0.348,-0.116,10.290,38.2
2026-10-08T09:31:04.600Z,26.790445,75.834307,-0.082,-0.234,9.839,38.2
2026-10-08T09:31:04.650Z,26.790448,75.834310,0.056,0.284,10.076,38.3
2026-10-08T09:31:04.700Z,26.790451,75.834313,0.092,0.164,9.864,38.3
2026-10-08T09:31:04.750Z,26.790453,75.834317,0.198,-0.130,9.486,38.3
2026-10-08T09:31:04.800Z,26.790456,75.834320,0.052,0.672,10.052,38.3
2026-10-08T09:31:04.850Z,26.790459,75.834323,-0.175,0.348,9.251,38.4
2026-10-08T09:31:04.900Z,26.790461,75.834327,-0.063,0.099,9.608,38.4
2026-10-08T09:31:04.950Z,26.790464,75.834330,-0.149,-0.042,9.647,38.4
2026-10-08T09:31:05.000Z,26.790467,75.834333,-0.196,-0.271,9.342,38.5
2026-10-08T09:31:05.050Z,26.790469,75.834337,-0.242,-0.025,10.112,38.5
2026-10-08T09:31:05.100Z,26.790472,75.834340,-0.166,-0.303,10.292,38.5
2026-10-08T09:31:05.150Z,26.790475,75.834343,-0.286,0.024,9.529,38.5
2026-10-08T09:31:05.200Z,26.790477,75.834347,-0.180,0.097,9.948,38.6
2026-10-08T09:31:05.250Z,26.790480,75.834350,0.318,0.167,9.856,38.6
2026-10-08T09:31:05.300Z,26.790483,75.834353,0.156,-0.258,10.173,38.6
2026-10-08T09:31:05.350Z,26.790485,75.834357,0.133,0.122,9.990,38.6
2026-10-08T09:31:05.400Z,26.790488,75.834360,-0.370,-0.283,9.850,38.7
2026-10-08T09:31:05.450Z,26.790491,75.834363,0.036,0.144,9.842,38.7
2026-10-08T09:31:05.500Z,26.790493,75.834367,-0.046,0.314,9.915,38.7
2026-10-08T09:31:05.550Z,26.790496,75.834370,0.187,0.299,10.189,38.7
2026-10-08T09:31:05.600Z,26.790499,75.834373,0.079,0.181,9.890,38.8
2026-10-08T09:31:05.650Z,26.790501,75.834377,0.268,0.570,9.497,38.8
2026-10-08T09:31:05.700Z,26.790504,75.834380,-0.188,0.396,9.866,38.8
2026-10-08T09:31:05.750Z,26.790507,75.834383,-0.107,-0.174,10.091,38.8
2026-10-08T09:31:05.800Z,26.790509,75.834387,0.140,0.502,9.783,38.8
2026-10-08T09:31:05.850Z,26.790512,75.834390,0.225,0.413,9.380,38.9
2026-10-08T09:31:05.900Z,26.790515,75.834393,-0.263,0.068,9.638,38.9
2026-10-08T09:31:05.950Z,26.790517,75.834397,-0.105,-0.165,9.766,38.9
2026-10-08T09:31:06.000Z,26.790520,75.834400,-0.226,-0.320,9.926,38.9
2026-10-08T09:31:06.050Z,26.790523,75.834403,0.031,0.245,9.967,39.0
2026-10-08T09:31:06.100Z,26.790525,75.834407,0.106,0.188,9.536,39.0
2026-10-08T09:31:06.150Z,26.790528,75.834410,-0.125,0.069,10.090,39.0
2026-10-08T09:31:06.200Z,26.790531,75.834413,0.162,-0.053,9.754,39.0
2026-10-08T09:31:06.250Z,26.790533,75.834417,0.062,-0.289,10.065,39.0
2026-10-08T09:31:06.300Z,26.790536,75.834420,0.193,0.232,10.108,39.1
2026-10-08T09:31:06.350Z,26.790539,75.834423,0.249,-0.471,9.878,39.1
2026-10-08T09:31:06.400Z,26.790541,75.834427,-0.357,-0.238,9.770,39.1
2026-10-08T09:31:06.450Z,26.790544,75.834430,0.296,0.083,9.879,39.1
2026-10-08T09:31:06.500Z,26.790547,75.834433,0.446,0.060,9.525,39.2
2026-10-08T09:31:06.550Z,26.790549,75.834437,-0.348,-0.218,9.844,39.2
2026-10-08T09:31:06.600Z,26.790552,75.834440,-0.385,0.110,9.903,39.2
2026-10-08T09:31:06.650Z,26.790555,75.834443,-0.180,0.026,9.965,39.2
2026-10-08T09:31:06.700Z,26.790557,75.834447,-0.158,0.183,9.595,39.2
2026-10-08T09:31:06.750Z,26.790560,75.834450,0.147,0.364,9.907,39.2
2026-10-08T09:31:06.800Z,26.790563,75.834453,-0.318,0.022,9.834,39.3
2026-10-08T09:31:06.850Z,26.790565,75.834457,-0.215,-0.315,9.696,39.3
2026-10-08T09:31:06.900Z,26.790568,75.834460,0.217,0.204,10.170,39.3
2026-10-08T09:31:06.950Z,26.790571,75.834463,-0.011,0.491,9.556,39.3
2026-10-08T09:31:07.000Z,26.790573,75.834467,0.110,-0.060,10.257,39.3
2026-10-08T09:31:07.050Z,26.790576,75.834470,0.008,-0.258,9.883,39.4
2026-10-08T09:31:07.100Z,26.790579,75.834473,-0.280,-0.218,10.088,39.4
2026-10-08T09:31:07.150Z,26.790581,75.834477,-0.005,0.214,9.548,39.4
2026-10-08T09:31:07.200Z,26.790584,75.834480,0.324,-0.044,9.223,39.4
2026-10-08T09:31:07.250Z,26.790587,75.834483,-0.224,-0.349,9.371,39.4
2026-10-08T09:31:07.300Z,26.790589,75.834487,0.128,0.091,9.987,39.4
2026-10-08T09:31:07.350Z,26.790592,75.834490,-0.184,0.133,9.370,39.5
2026-10-08T09:31:07.400Z,26.790595,75.834493,-0.121,-0.040,9.639,39.5
2026-10-08T09:31:07.450Z,26.790597,75.834497,0.025,-0.006,9.951,39.5
2026-10-08T09:31:07.500Z,26.790600,75.834500,0.076,0.239,9.666,39.5
2026-10-08T09:31:07.550Z,26.790603,75.834503,0.163,0.069,9.883,39.5
2026-10-08T09:31:07.600Z,26.790605,75.834507,0.033,-0.539,10.385,39.5
2026-10-08T09:31:07.650Z,26.790608,75.834510,-0.229,-0.199,9.713,39.5
2026-10-08T09:31:07.700Z,26.790611,75.834513,-0.328,0.436,9.624,39.6
2026-10-08T09:31:07.750Z,26.790613,75.834517,-0.171,-0.207,9.941,39.6
2026-10-08T09:31:07.800Z,26.790616,75.834520,0.349,0.068,9.578,39.6
2026-10-08T09:31:07.850Z,26.790619,75.834523,0.331,0.071,9.593,39.6
2026-10-08T09:31:07.900Z,26.790621,75.834527,-0.018,0.033,9.881,39.6
2026-10-08T09:31:07.950Z,26.790624,75.834530,0.000,0.006,10.369,39.6
2026-10-08T09:31:08.000Z,26.790627,75.834533,0.708,0.043,9.535,39.6
2026-10-08T09:31:08.050Z,26.790629,75.834537,-0.263,0.203,9.323,39.7
2026-10-08T09:31:08.100Z,26.790632,75.834540,-0.045,0.099,9.865,39.7
2026-10-08T09:31:08.150Z,26.790635,75.834543,-0.101,0.459,10.049,39.7
2026-10-08T09:31:08.200Z,26.790637,75.834547,-0.118,0.196,9.755,39.7
2026-10-08T09:31:08.250Z,26.790640,75.834550,-0.129,-0.102,10.165,39.7
2026-10-08T09:31:08.300Z,26.790643,75.834553,-0.140,-0.018,10.116,39.7
2026-10-08T09:31:08.350Z,26.790645,75.834557,0.076,0.060,9.610,39.7
2026-10-08T09:31:08.400Z,26.790648,75.834560,0.583,0.205,9.099,39.7
2026-10-08T09:31:08.450Z,26.790651,75.834563,0.326,-0.322,9.398,39.8
2026-10-08T09:31:08.500Z,26.790653,75.834567,-0.174,0.314,9.728,39.8
2026-10-08T09:31:08.550Z,26.790656,75.834570,0.053,-0.418,10.133,39.8
2026-10-08T09:31:08.600Z,26.790659,75.834573,-0.067,-0.322,9.907,39.8
2026-10-08T09:31:08.650Z,26.790661,75.834577,0.122,0.021,10.197,39.8
2026-10-08T09:31:08.700Z,26.790664,75.834580,0.146,0.376,9.794,39.8
2026-10-08T09:31:08.750Z,26.790667,75.834583,0.027,0.216,10.158,39.8
2026-10-08T09:31:08.800Z,26.790669,75.834587,-0.083,0.471,9.845,39.8
2026-10-08T09:31:08.850Z,26.790672,75.834590,0.001,0.110,9.553,39.8
2026-10-08T09:31:08.900Z,26.790675,75.834593,-0.412,0.514,10.129,39.8
2026-10-08T09:31:08.950Z,26.790677,75.834597,-0.231,0.034,9.997,39.9
2026-10-08T09:31:09.000Z,26.790680,75.834600,-0.122,0.358,9.662,39.9
2026-10-08T09:31:09.050Z,26.790683,75.834603,0.248,-0.158,9.962,39.9
2026-10-08T09:31:09.100Z,26.790685,75.834607,0.387,0.119,9.664,39.9
2026-10-08T09:31:09.150Z,26.790688,75.834610,0.055,0.181,9.682,39.9
2026-10-08T09:31:09.200Z,26.790691,75.834613,-0.099,0.441,10.229,39.9
2026-10-08T09:31:09.250Z,26.790693,75.834617,-0.166,-0.330,9.425,39.9
2026-10-08T09:31:09.300Z,26.790696,75.834620,-0.279,-0.071,9.787,39.9
2026-10-08T09:31:09.350Z,26.790699,75.834623,-0.346,0.039,8.939,39.9
2026-10-08T09:31:09.400Z,26.790701,75.834627,0.035,0.402,9.445,39.9
2026-10-08T09:31:09.450Z,26.790704,75.834630,-0.720,0.042,10.020,39.9
2026-10-08T09:31:09.500Z,26.790707,75.834633,-0.102,0.057,10.197,39.9
2026-10-08T09:31:09.550Z,26.790709,75.834637,0.422,0.150,9.439,39.9
2026-10-08T09:31:09.600Z,26.790712,75.834640,0.042,-0.250,9.805,39.9
2026-10-08T09:31:09.650Z,26.790715,75.834643,-0.060,-0.143,10.269,39.9
2026-10-08T09:31:09.700Z,26.790717,75.834647,-0.057,-0.370,9.924,40.0
2026-10-08T09:31:09.750Z,26.790720,75.834650,0.172,0.013,9.578,40.0
2026-10-08T09:31:09.800Z,26.790723,75.834653,-0.108,-0.147,9.659,40.0
2026-10-08T09:31:09.850Z,26.790725,75.834657,-0.175,-0.055,9.403,40.0
2026-10-08T09:31:09.900Z,26.790728,75.834660,0.062,-0.196,10.073,40.0
2026-10-08T09:31:09.950Z,26.790731,75.834663,0.095,0.376,9.401,40.0
2026-10-08T09:31:10.000Z,26.790733,75.834667,1.065,-0.029,13.410,40.0
2026-10-08T09:31:10.050Z,26.790736,75.834670,0.167,0.015,13.410,40.0
2026-10-08T09:31:10.100Z,26.790739,75.834673,1.413,-0.223,7.650,40.0
2026-10-08T09:31:10.150Z,26.790741,75.834677,0.502,0.267,10.248,40.0
2026-10-08T09:31:10.200Z,26.790744,75.834680,0.131,0.263,10.394,40.0
2026-10-08T09:31:10.250Z,26.790747,75.834683,-0.014,-0.397,9.759,40.0
2026-10-08T09:31:10.300Z,26.790749,75.834687,0.046,-0.206,9.451,40.0
2026-10-08T09:31:10.350Z,26.790752,75.834690,-0.123,-0.308,10.084,40.0
2026-10-08T09:31:10.400Z,26.790755,75.834693,0.426,0.169,9.392,40.0
2026-10-08T09:31:10.450Z,26.790757,75.834697,0.052,-0.215,9.894,40.0
2026-10-08T09:31:10.500Z,26.790760,75.834700,-0.206,0.246,10.021,40.0
2026-10-08T09:31:10.550Z,26.790763,75.834703,-0.080,0.126,9.829,40.0
2026-10-08T09:31:10.600Z,26.790765,75.834707,0.432,-0.475,9.934,40.0
2026-10-08T09:31:10.650Z,26.790768,75.834710,0.311,-0.092,9.660,40.0
2026-10-08T09:31:10.700Z,26.790771,75.834713,0.044,-0.230,9.649,40.0
2026-10-08T09:31:10.750Z,26.790773,75.834717,-0.256,-0.044,9.182,40.0
2026-10-08T09:31:10.800Z,26.790776,75.834720,-0.151,0.140,9.696,40.0
2026-10-08T09:31:10.850Z,26.790779,75.834723,-0.103,0.225,10.283,40.0
2026-10-08T09:31:10.900Z,26.790781,75.834727,-0.184,0.301,9.285,40.0
2026-10-08T09:31:10.950Z,26.790784,75.834730,-0.211,0.134,9.887,40.0
2026-10-08T09:31:11.000Z,26.790787,75.834733,0.030,0.216,9.749,40.0
2026-10-08T09:31:11.050Z,26.790789,75.834737,0.191,-0.122,9.622,40.0
2026-10-08T09:31:11.100Z,26.790792,75.834740,-0.469,0.169,9.550,40.0
2026-10-08T09:31:11.150Z,26.790795,75.834743,0.252,0.252,9.743,40.0
2026-10-08T09:31:11.200Z,26.790797,75.834747,0.022,0.049,9.748,40.0
2026-10-08T09:31:11.250Z,26.790800,75.834750,-0.365,0.361,9.640,40.0
2026-10-08T09:31:11.300Z,26.790803,75.834753,0.132,0.073,9.897,40.0
2026-10-08T09:31:11.350Z,26.790805,75.834757,0.055,0.228,9.549,40.0
2026-10-08T09:31:11.400Z,26.790808,75.834760,0.248,0.041,9.822,40.0
2026-10-08T09:31:11.450Z,26.790811,75.834763,-0.104,-0.011,9.984,40.0
2026-10-08T09:31:11.500Z,26.790813,75.834767,-0.293,-0.430,9.728,40.0
2026-10-08T09:31:11.550Z,26.790816,75.834770,0.176,-0.075,10.221,40.0
2026-10-08T09:31:11.600Z,26.790819,75.834773,0.324,0.351,10.246,40.0
2026-10-08T09:31:11.650Z,26.790821,75.834777,0.066,0.142,9.605,40.0
2026-10-08T09:31:11.700Z,26.790824,75.834780,-0.671,0.101,9.578,39.9
2026-10-08T09:31:11.750Z,26.790827,75.834783,-0.050,-0.621,10.079,39.9
2026-10-08T09:31:11.800Z,26.790829,75.834787,-0.050,-0.148,9.464,39.9
2026-10-08T09:31:11.850Z,26.790832,75.834790,-0.203,-0.212,9.519,39.9
2026-10-08T09:31:11.900Z,26.790835,75.834793,-0.353,-0.052,9.709,39.9
2026-10-08T09:31:11.950Z,26.790837,75.834797,0.215,-0.438,9.676,39.9
2026-10-08T09:31:12.000Z,26.790840,75.834800,-0.223,0.085,9.794,39.9
2026-10-08T09:31:12.050Z,26.790843,75.834803,0.212,0.460,9.810,39.9
2026-10-08T09:31:12.100Z,26.790845,75.834807,0.132,-0.187,9.772,39.9
2026-10-08T09:31:12.150Z,26.790848,75.834810,0.006,0.535,9.468,39.9
2026-10-08T09:31:12.200Z,26.790851,75.834813,-0.034,0.005,9.584,39.9
2026-10-08T09:31:12.250Z,26.790853,75.834817,0.088,0.004,9.846,39.9
2026-10-08T09:31:12.300Z,26.790856,75.834820,-0.181,0.184,9.531,39.9
2026-10-08T09:31:12.350Z,26.790859,75.834823,-0.093,0.212,10.229,39.9
2026-10-08T09:31:12.400Z,26.790861,75.834827,-0.188,0.156,9.784,39.9
2026-10-08T09:31:12.450Z,26.790864,75.834830,0.261,0.028,10.319,39.8
2026-10-08T09:31:12.500Z,26.790867,75.834833,0.383,-0.243,9.712,39.8
2026-10-08T09:31:12.550Z,26.790869,75.834837,-0.188,-0.020,9.265,39.8
2026-10-08T09:31:12.600Z,26.790872,75.834840,-0.418,0.255,9.912,39.8
2026-10-08T09:31:12.650Z,26.790875,75.834843,0.188,-0.226,9.495,39.8
2026-10-08T09:31:12.700Z,26.790877,75.834847,-0.048,0.346,9.833,39.8
2026-10-08T09:31:12.750Z,26.790880,75.834850,0.046,0.294,9.924,39.8
2026-10-08T09:31:12.800Z,26.790883,75.834853,0.045,0.107,9.753,39.8
2026-10-08T09:31:12.850Z,26.790885,75.834857,0.393,-0.026,9.594,39.8
2026-10-08T09:31:12.900Z,26.790888,75.834860,0.170,0.237,9.668,39.8
2026-10-08T09:31:12.950Z,26.790891,75.834863,0.181,0.269,8.804,39.7
2026-10-08T09:31:13.000Z,26.790893,75.834867,-0.431,0.100,9.531,39.7
2026-10-08T09:31:13.050Z,26.790896,75.834870,0.422,0.081,9.780,39.7
2026-10-08T09:31:13.100Z,26.790899,75.834873,0.015,-0.095,9.617,39.7
2026-10-08T09:31:13.150Z,26.790901,75.834877,0.030,0.251,9.346,39.7
2026-10-08T09:31:13.200Z,26.790904,75.834880,0.060,-0.112,9.836,39.7
2026-10-08T09:31:13.250Z,26.790907,75.834883,-0.188,0.036,9.488,39.7
2026-10-08T09:31:13.300Z,26.790909,75.834887,-0.005,-0.065,9.310,39.7
2026-10-08T09:31:13.350Z,26.790912,75.834890,0.105,-0.703,9.697,39.7
2026-10-08T09:31:13.400Z,26.790915,75.834893,-0.373,0.064,9.709,39.6
2026-10-08T09:31:13.450Z,26.790917,75.834897,0.204,-0.051,9.746,39.6
2026-10-08T09:31:13.500Z,26.790920,75.834900,0.280,-0.116,9.801,39.6
2026-10-08T09:31:13.550Z,26.790923,75.834903,0.357,0.165,10.405,39.6
2026-10-08T09:31:13.600Z,26.790925,75.834907,0.115,-0.132,10.132,39.6
2026-10-08T09:31:13.650Z,26.790928,75.834910,0.231,-0.068,9.972,39.6
2026-10-08T09:31:13.700Z,26.790931,75.834913,-0.021,0.125,9.820,39.6
2026-10-08T09:31:13.750Z,26.790933,75.834917,-0.032,0.422,9.947,39.5
2026-10-08T09:31:13.800Z,26.790936,75.834920,-0.333,0.052,9.720,39.5
2026-10-08T09:31:13.850Z,26.790939,75.834923,0.078,0.060,9.920,39.5
2026-10-08T09:31:13.900Z,26.790941,75.834927,-0.425,-0.392,10.230,39.5
2026-10-08T09:31:13.950Z,26.790944,75.834930,-0.007,0.335,9.968,39.5
2026-10-08T09:31:14.000Z,26.790947,75.834933,-0.133,-0.422,9.964,39.5
2026-10-08T09:31:14.050Z,26.790949,75.834937,0.129,0.438,9.749,39.4
2026-10-08T09:31:14.100Z,26.790952,75.834940,0.019,-0.452,9.628,39.4
2026-10-08T09:31:14.150Z,26.790955,75.834943,0.061,-0.088,9.548,39.4
2026-10-08T09:31:14.200Z,26.790957,75.834947,0.354,0.401,9.490,39.4
2026-10-08T09:31:14.250Z,26.790960,75.834950,0.025,-0.107,10.255,39.4
2026-10-08T09:31:14.300Z,26.790963,75.834953,0.059,0.149,9.529,39.4
2026-10-08T09:31:14.350Z,26.790965,75.834957,0.332,-0.075,10.369,39.3
2026-10-08T09:31:14.400Z,26.790968,75.834960,0.273,-0.163,9.968,39.3
2026-10-08T09:31:14.450Z,26.790971,75.834963,0.061,-0.055,10.035,39.3
2026-10-08T09:31:14.500Z,26.790973,75.834967,-0.006,0.007,9.621,39.3
2026-10-08T09:31:14.550Z,26.790976,75.834970,-0.186,0.019,9.864,39.3
2026-10-08T09:31:14.600Z,26.790979,75.834973,0.269,-0.339,9.844,39.3
2026-10-08T09:31:14.650Z,26.790981,75.834977,0.398,-0.170,9.497,39.2
2026-10-08T09:31:14.700Z,26.790984,75.834980,-0.232,0.198,9.430,39.2
2026-10-08T09:31:14.750Z,26.790987,75.834983,0.005,-0.167,9.637,39.2
2026-10-08T09:31:14.800Z,26.790989,75.834987,-0.077,-0.094,9.700,39.2
2026-10-08T09:31:14.850Z,26.790992,75.834990,-0.013,0.067,9.674,39.2
2026-10-08T09:31:14.900Z,26.790995,75.834993,0.118,-0.120,9.674,39.1
2026-10-08T09:31:14.950Z,26.790997,75.834997,0.010,-0.429,9.564,39.1
